date,name
2012-01-14,Makar Sankranti
2012-03-08,Holi
2012-03-23,Gudi Padwa
2012-08-20,Eid al-Fitr
2012-09-19,Ganesh Chaturthi
2012-10-24,Dussehra
2012-11-13,Diwali
2013-01-14,Makar Sankranti
2013-03-27,Holi
2013-04-11,Gudi Padwa
2013-08-09,Eid al-Fitr
2013-09-09,Ganesh Chaturthi
2013-10-13,Dussehra
2013-11-03,Diwali
2014-01-14,Makar Sankranti
2014-03-17,Holi
2014-03-31,Gudi Padwa
2014-07-29,Eid al-Fitr
2014-08-29,Ganesh Chaturthi
2014-10-03,Dussehra
2014-10-23,Diwali
2015-01-14,Makar Sankranti
2015-03-06,Holi
2015-03-21,Gudi Padwa
2015-07-18,Eid al-Fitr
2015-09-17,Ganesh Chaturthi
2015-10-22,Dussehra
2015-11-11,Diwali
2016-01-14,Makar Sankranti
2016-03-24,Holi
2016-04-08,Gudi Padwa
2016-07-07,Eid al-Fitr
2016-09-05,Ganesh Chaturthi
2016-10-11,Dussehra
2016-10-30,Diwali
2017-01-14,Makar Sankranti
2017-03-13,Holi
2017-03-28,Gudi Padwa
2017-06-26,Eid al-Fitr
2017-08-25,Ganesh Chaturthi
2017-09-30,Dussehra
2017-10-19,Diwali
2018-01-14,Makar Sankranti
2018-03-02,Holi
2018-03-18,Gudi Padwa
2018-06-16,Eid al-Fitr
2018-09-13,Ganesh Chaturthi
2018-10-19,Dussehra
2018-11-07,Diwali
2019-01-14,Makar Sankranti
2019-03-21,Holi
2019-04-06,Gudi Padwa
2019-06-05,Eid al-Fitr
2019-09-02,Ganesh Chaturthi
2019-10-08,Dussehra
2019-10-27,Diwali
2020-01-14,Makar Sankranti
2020-03-10,Holi
2020-03-25,Gudi Padwa
2020-05-25,Eid al-Fitr
2020-08-22,Ganesh Chaturthi
2020-10-25,Dussehra
2020-11-14,Diwali
2021-01-14,Makar Sankranti
2021-03-29,Holi
2021-04-13,Gudi Padwa
2021-05-14,Eid al-Fitr
2021-09-10,Ganesh Chaturthi
2021-10-15,Dussehra
2021-11-04,Diwali
2022-01-14,Makar Sankranti
2022-03-18,Holi
2022-04-02,Gudi Padwa
2022-05-03,Eid al-Fitr
2022-08-31,Ganesh Chaturthi
2022-10-05,Dussehra
2022-10-24,Diwali
2023-01-14,Makar Sankranti
2023-03-08,Holi
2023-03-22,Gudi Padwa
2023-04-22,Eid al-Fitr
2023-09-19,Ganesh Chaturthi
2023-10-24,Dussehra
2023-11-12,Diwali
2024-01-14,Makar Sankranti
2024-03-25,Holi
2024-04-09,Gudi Padwa
2024-04-11,Eid al-Fitr
2024-09-07,Ganesh Chaturthi
2024-10-12,Dussehra
2024-11-01,Diwali
2025-01-14,Makar Sankranti
2025-03-14,Holi
2025-03-30,Gudi Padwa
2025-03-31,Eid al-Fitr
2025-08-27,Ganesh Chaturthi
2025-10-02,Dussehra
2025-10-21,Diwali
2026-01-14,Makar Sankranti
2026-03-04,Holi
2026-03-19,Gudi Padwa
2026-03-21,Eid al-Fitr
2026-09-14,Ganesh Chaturthi
2026-10-20,Dussehra
2026-11-08,Diwali
2027-01-14,Makar Sankranti
2027-03-10,Eid al-Fitr
2027-03-22,Holi
2027-04-07,Gudi Padwa
2027-09-04,Ganesh Chaturthi
2027-10-09,Dussehra
2027-10-29,Diwali
