t,cmdty,state_id,state,market_id,market_name,state_name,district_id,district_name,qty
"2024-10-30","Onion","27","Maharashtra","2494","Pune(Pimpri)","Maharashtra","521","Pune","1.5"
"2024-10-30","Onion","27","Maharashtra","2495","Pune(Khadiki)","Maharashtra","521","Pune","0.4"
"2024-10-30","Onion","27","Maharashtra","172","Pune","Maharashtra","521","Pune","892.2"
"2024-10-30","Onion","27","Maharashtra","4751","Pune(Manjri)","Maharashtra","521","Pune","4.9"
"2024-10-30","Onion","27","Maharashtra","2493","Khed(Chakan)","Maharashtra","521","Pune","90"
"2024-10-29","Onion","27","Maharashtra","172","Pune","Maharashtra","521","Pune","1410"
"2024-10-29","Onion","27","Maharashtra","4751","Pune(Manjri)","Maharashtra","521","Pune","5.4"
"2024-10-29","Onion","27","Maharashtra","4752","Pune(Moshi)","Maharashtra","521","Pune","32"
"2024-10-29","Onion","27","Maharashtra","2494","Pune(Pimpri)","Maharashtra","521","Pune","0.4"
"2024-10-29","Onion","27","Maharashtra","2495","Pune(Khadiki)","Maharashtra","521","Pune","2.1"
"2024-10-29","Onion","27","Maharashtra","1827","Shirur","Maharashtra","521","Pune","339.7"
"2024-10-29","Onion","27","Maharashtra","3958","Junnar(Alephata)","Maharashtra","521","Pune","495.4"
"2024-10-29","Onion","27","Maharashtra","2493","Khed(Chakan)","Maharashtra","521","Pune","50"
"2024-10-28","Onion","27","Maharashtra","2494","Pune(Pimpri)","Maharashtra","521","Pune","1"
"2024-10-28","Onion","27","Maharashtra","4752","Pune(Moshi)","Maharashtra","521","Pune","48.7"
"2024-10-28","Onion","27","Maharashtra","576","Baramati","Maharashtra","521","Pune","129.9"
"2024-10-28","Onion","27","Maharashtra","4751","Pune(Manjri)","Maharashtra","521","Pune","6.4"
"2024-10-28","Onion","27","Maharashtra","172","Pune","Maharashtra","521","Pune","1432.4"
"2024-10-28","Onion","27","Maharashtra","3960","Junnar(Narayangaon)","Maharashtra","521","Pune","3"
"2024-10-27","Onion","27","Maharashtra","2492","Junnar(Otur)","Maharashtra","521","Pune","708"
"2024-10-27","Onion","27","Maharashtra","2493","Khed(Chakan)","Maharashtra","521","Pune","55"
"2024-10-27","Onion","27","Maharashtra","577","Manchar","Maharashtra","521","Pune","402.6"
"2024-10-27","Onion","27","Maharashtra","172","Pune","Maharashtra","521","Pune","1578.2"
"2024-10-27","Onion","27","Maharashtra","1827","Shirur","Maharashtra","521","Pune","297.8"
"2024-10-27","Onion","27","Maharashtra","3958","Junnar(Alephata)","Maharashtra","521","Pune","411.7"
"2024-10-27","Onion","27","Maharashtra","4751","Pune(Manjri)","Maharashtra","521","Pune","6"
"2024-10-27","Onion","27","Maharashtra","3960","Junnar(Narayangaon)","Maharashtra","521","Pune","1.8"
"2024-10-27","Onion","27","Maharashtra","2494","Pune(Pimpri)","Maharashtra","521","Pune","1.5"
"2024-10-27","Onion","27","Maharashtra","4752","Pune(Moshi)","Maharashtra","521","Pune","43.9"
"2024-10-27","Onion","27","Maharashtra","2495","Pune(Khadiki)","Maharashtra","521","Pune","2.4"
"2024-10-26","Onion","27","Maharashtra","3960","Junnar(Narayangaon)","Maharashtra","521","Pune","2.5"
"2024-10-26","Onion","27","Maharashtra","4752","Pune(Moshi)","Maharashtra","521","Pune","48.9"
"2024-10-26","Onion","27","Maharashtra","4751","Pune(Manjri)","Maharashtra","521","Pune","7.3"
"2024-10-26","Onion","27","Maharashtra","2494","Pune(Pimpri)","Maharashtra","521","Pune","1.1"
"2024-10-26","Onion","27","Maharashtra","2493","Khed(Chakan)","Maharashtra","521","Pune","105"
"2024-10-26","Onion","27","Maharashtra","2495","Pune(Khadiki)","Maharashtra","521","Pune","1.8"
"2024-10-25","Onion","27","Maharashtra","2493","Khed(Chakan)","Maharashtra","521","Pune","35"
"2024-10-25","Onion","27","Maharashtra","4752","Pune(Moshi)","Maharashtra","521","Pune","29"
"2024-10-25","Onion","27","Maharashtra","3958","Junnar(Alephata)","Maharashtra","521","Pune","467"
"2024-10-25","Onion","27","Maharashtra","2495","Pune(Khadiki)","Maharashtra","521","Pune","1.3"
"2024-10-25","Onion","27","Maharashtra","4751","Pune(Manjri)","Maharashtra","521","Pune","7.2"
"2024-10-25","Onion","27","Maharashtra","1827","Shirur","Maharashtra","521","Pune","253.6"
"2024-10-25","Onion","27","Maharashtra","172","Pune","Maharashtra","521","Pune","1370.4"
"2024-10-25","Onion","27","Maharashtra","3960","Junnar(Narayangaon)","Maharashtra","521","Pune","2"
"2024-10-25","Onion","27","Maharashtra","2494","Pune(Pimpri)","Maharashtra","521","Pune","0.2"
"2024-10-24","Onion","27","Maharashtra","2493","Khed(Chakan)","Maharashtra","521","Pune","50"
"2024-10-24","Onion","27","Maharashtra","2494","Pune(Pimpri)","Maharashtra","521","Pune","1.1"
"2024-10-24","Onion","27","Maharashtra","2492","Junnar(Otur)","Maharashtra","521","Pune","916.4"
"2024-10-24","Onion","27","Maharashtra","4752","Pune(Moshi)","Maharashtra","521","Pune","69.6"
"2024-10-24","Onion","27","Maharashtra","172","Pune","Maharashtra","521","Pune","1387"
"2024-10-24","Onion","27","Maharashtra","4751","Pune(Manjri)","Maharashtra","521","Pune","7"
"2024-10-24","Onion","27","Maharashtra","3960","Junnar(Narayangaon)","Maharashtra","521","Pune","2.5"
"2024-10-24","Onion","27","Maharashtra","2495","Pune(Khadiki)","Maharashtra","521","Pune","1.8"
"2024-10-24","Onion","27","Maharashtra","577","Manchar","Maharashtra","521","Pune","489.8"
"2024-10-23","Onion","27","Maharashtra","4751","Pune(Manjri)","Maharashtra","521","Pune","5.2"
"2024-10-23","Onion","27","Maharashtra","3960","Junnar(Narayangaon)","Maharashtra","521","Pune","4.2"
"2024-10-23","Onion","27","Maharashtra","172","Pune","Maharashtra","521","Pune","1196.6"
"2024-10-23","Onion","27","Maharashtra","2494","Pune(Pimpri)","Maharashtra","521","Pune","2.4"
"2024-10-23","Onion","27","Maharashtra","1827","Shirur","Maharashtra","521","Pune","170.4"
"2024-10-23","Onion","27","Maharashtra","2493","Khed(Chakan)","Maharashtra","521","Pune","110"
"2024-10-22","Onion","27","Maharashtra","172","Pune","Maharashtra","521","Pune","951"
"2024-10-22","Onion","27","Maharashtra","4752","Pune(Moshi)","Maharashtra","521","Pune","34.6"
"2024-10-22","Onion","27","Maharashtra","577","Manchar","Maharashtra","521","Pune","462.1"
"2024-10-22","Onion","27","Maharashtra","3958","Junnar(Alephata)","Maharashtra","521","Pune","522"
"2024-10-22","Onion","27","Maharashtra","2494","Pune(Pimpri)","Maharashtra","521","Pune","0.7"
"2024-10-22","Onion","27","Maharashtra","2495","Pune(Khadiki)","Maharashtra","521","Pune","1.6"
"2024-10-22","Onion","27","Maharashtra","2493","Khed(Chakan)","Maharashtra","521","Pune","40"
"2024-10-22","Onion","27","Maharashtra","1827","Shirur","Maharashtra","521","Pune","157.3"
"2024-10-22","Onion","27","Maharashtra","4751","Pune(Manjri)","Maharashtra","521","Pune","7.2"
"2024-10-21","Onion","27","Maharashtra","2494","Pune(Pimpri)","Maharashtra","521","Pune","1"
"2024-10-21","Onion","27","Maharashtra","576","Baramati","Maharashtra","521","Pune","80.7"
"2024-10-21","Onion","27","Maharashtra","4752","Pune(Moshi)","Maharashtra","521","Pune","47.3"
"2024-10-21","Onion","27","Maharashtra","3960","Junnar(Narayangaon)","Maharashtra","521","Pune","2"
"2024-10-21","Onion","27","Maharashtra","1827","Shirur","Maharashtra","521","Pune","58.8"
"2024-10-21","Onion","27","Maharashtra","4751","Pune(Manjri)","Maharashtra","521","Pune","6.5"
"2024-10-20","Onion","27","Maharashtra","3958","Junnar(Alephata)","Maharashtra","521","Pune","494.8"
"2024-10-20","Onion","27","Maharashtra","4751","Pune(Manjri)","Maharashtra","521","Pune","6.7"
"2024-10-20","Onion","27","Maharashtra","2492","Junnar(Otur)","Maharashtra","521","Pune","910"
"2024-10-20","Onion","27","Maharashtra","4752","Pune(Moshi)","Maharashtra","521","Pune","54.2"
"2024-10-20","Onion","27","Maharashtra","1827","Shirur","Maharashtra","521","Pune","205.4"
"2024-10-20","Onion","27","Maharashtra","2493","Khed(Chakan)","Maharashtra","521","Pune","50"
"2024-10-20","Onion","27","Maharashtra","577","Manchar","Maharashtra","521","Pune","667"
"2024-10-20","Onion","27","Maharashtra","172","Pune","Maharashtra","521","Pune","1632.2"
"2024-10-20","Onion","27","Maharashtra","3960","Junnar(Narayangaon)","Maharashtra","521","Pune","3"
"2024-10-20","Onion","27","Maharashtra","2494","Pune(Pimpri)","Maharashtra","521","Pune","3.8"
"2024-10-19","Onion","27","Maharashtra","2494","Pune(Pimpri)","Maharashtra","521","Pune","1.5"
"2024-10-19","Onion","27","Maharashtra","2495","Pune(Khadiki)","Maharashtra","521","Pune","3.2"
"2024-10-19","Onion","27","Maharashtra","4751","Pune(Manjri)","Maharashtra","521","Pune","6.1"
"2024-10-19","Onion","27","Maharashtra","3960","Junnar(Narayangaon)","Maharashtra","521","Pune","3.4"
"2024-10-19","Onion","27","Maharashtra","2493","Khed(Chakan)","Maharashtra","521","Pune","100"
"2024-10-19","Onion","27","Maharashtra","576","Baramati","Maharashtra","521","Pune","107.2"
"2024-10-19","Onion","27","Maharashtra","4752","Pune(Moshi)","Maharashtra","521","Pune","56.6"
"2024-10-18","Onion","27","Maharashtra","3960","Junnar(Narayangaon)","Maharashtra","521","Pune","2.6"
"2024-10-18","Onion","27","Maharashtra","4751","Pune(Manjri)","Maharashtra","521","Pune","6.9"
"2024-10-18","Onion","27","Maharashtra","4752","Pune(Moshi)","Maharashtra","521","Pune","108"
"2024-10-18","Onion","27","Maharashtra","172","Pune","Maharashtra","521","Pune","1352.3"
"2024-10-18","Onion","27","Maharashtra","1827","Shirur","Maharashtra","521","Pune","204.7"
"2024-10-18","Onion","27","Maharashtra","2495","Pune(Khadiki)","Maharashtra","521","Pune","1.1"
"2024-10-18","Onion","27","Maharashtra","3958","Junnar(Alephata)","Maharashtra","521","Pune","638"
"2024-10-18","Onion","27","Maharashtra","2494","Pune(Pimpri)","Maharashtra","521","Pune","1"
"2024-10-17","Onion","27","Maharashtra","2494","Pune(Pimpri)","Maharashtra","521","Pune","1.8"
"2024-10-17","Onion","27","Maharashtra","172","Pune","Maharashtra","521","Pune","1313"
"2024-10-17","Onion","27","Maharashtra","3960","Junnar(Narayangaon)","Maharashtra","521","Pune","3.8"
"2024-10-17","Onion","27","Maharashtra","4752","Pune(Moshi)","Maharashtra","521","Pune","46.8"
"2024-10-17","Onion","27","Maharashtra","2495","Pune(Khadiki)","Maharashtra","521","Pune","0.8"
"2024-10-17","Onion","27","Maharashtra","4751","Pune(Manjri)","Maharashtra","521","Pune","6.3"
"2024-10-17","Onion","27","Maharashtra","2492","Junnar(Otur)","Maharashtra","521","Pune","968"
"2024-10-17","Onion","27","Maharashtra","2493","Khed(Chakan)","Maharashtra","521","Pune","45"
"2024-10-16","Onion","27","Maharashtra","2495","Pune(Khadiki)","Maharashtra","521","Pune","0.3"
"2024-10-16","Onion","27","Maharashtra","2493","Khed(Chakan)","Maharashtra","521","Pune","100"
"2024-10-16","Onion","27","Maharashtra","576","Baramati","Maharashtra","521","Pune","99"
"2024-10-16","Onion","27","Maharashtra","2494","Pune(Pimpri)","Maharashtra","521","Pune","1.5"
"2024-10-16","Onion","27","Maharashtra","172","Pune","Maharashtra","521","Pune","1283.2"
"2024-10-16","Onion","27","Maharashtra","4751","Pune(Manjri)","Maharashtra","521","Pune","7.2"
"2024-10-15","Onion","27","Maharashtra","4752","Pune(Moshi)","Maharashtra","521","Pune","34.5"
"2024-10-15","Onion","27","Maharashtra","3958","Junnar(Alephata)","Maharashtra","521","Pune","491.7"
"2024-10-15","Onion","27","Maharashtra","172","Pune","Maharashtra","521","Pune","1330"
"2024-10-15","Onion","27","Maharashtra","2494","Pune(Pimpri)","Maharashtra","521","Pune","1.1"
"2024-10-15","Onion","27","Maharashtra","577","Manchar","Maharashtra","521","Pune","629.8"
"2024-10-15","Onion","27","Maharashtra","4751","Pune(Manjri)","Maharashtra","521","Pune","9.6"
"2024-10-15","Onion","27","Maharashtra","2493","Khed(Chakan)","Maharashtra","521","Pune","50"
"2024-10-15","Onion","27","Maharashtra","1827","Shirur","Maharashtra","521","Pune","143"
"2024-10-14","Onion","27","Maharashtra","172","Pune","Maharashtra","521","Pune","1164.2"
"2024-10-14","Onion","27","Maharashtra","576","Baramati","Maharashtra","521","Pune","89.5"
"2024-10-14","Onion","27","Maharashtra","4751","Pune(Manjri)","Maharashtra","521","Pune","8"
"2024-10-14","Onion","27","Maharashtra","2495","Pune(Khadiki)","Maharashtra","521","Pune","0.6"
"2024-10-14","Onion","27","Maharashtra","3960","Junnar(Narayangaon)","Maharashtra","521","Pune","2"
"2024-10-14","Onion","27","Maharashtra","1827","Shirur","Maharashtra","521","Pune","46.8"
"2024-10-14","Onion","27","Maharashtra","4752","Pune(Moshi)","Maharashtra","521","Pune","24.3"
"2024-10-14","Onion","27","Maharashtra","2494","Pune(Pimpri)","Maharashtra","521","Pune","1.7"
"2024-10-13","Onion","27","Maharashtra","172","Pune","Maharashtra","521","Pune","905"
"2024-10-13","Onion","27","Maharashtra","2492","Junnar(Otur)","Maharashtra","521","Pune","759.2"
"2024-10-13","Onion","27","Maharashtra","2493","Khed(Chakan)","Maharashtra","521","Pune","50"
"2024-10-13","Onion","27","Maharashtra","2495","Pune(Khadiki)","Maharashtra","521","Pune","1.7"
"2024-10-13","Onion","27","Maharashtra","577","Manchar","Maharashtra","521","Pune","594"
"2024-10-13","Onion","27","Maharashtra","3960","Junnar(Narayangaon)","Maharashtra","521","Pune","3.2"
"2024-10-13","Onion","27","Maharashtra","1455","Junnar","Maharashtra","521","Pune","515.8"
"2024-10-13","Onion","27","Maharashtra","4751","Pune(Manjri)","Maharashtra","521","Pune","7.8"
"2024-10-13","Onion","27","Maharashtra","1827","Shirur","Maharashtra","521","Pune","96.8"
"2024-10-13","Onion","27","Maharashtra","2494","Pune(Pimpri)","Maharashtra","521","Pune","1.4"
"2024-10-12","Onion","27","Maharashtra","3960","Junnar(Narayangaon)","Maharashtra","521","Pune","2.8"
"2024-10-12","Onion","27","Maharashtra","4752","Pune(Moshi)","Maharashtra","521","Pune","15.5"
"2024-10-12","Onion","27","Maharashtra","2495","Pune(Khadiki)","Maharashtra","521","Pune","0.6"
"2024-10-12","Onion","27","Maharashtra","2493","Khed(Chakan)","Maharashtra","521","Pune","100"
"2024-10-12","Onion","27","Maharashtra","4751","Pune(Manjri)","Maharashtra","521","Pune","5"
"2024-10-12","Onion","27","Maharashtra","576","Baramati","Maharashtra","521","Pune","99"
"2024-10-11","Onion","27","Maharashtra","4752","Pune(Moshi)","Maharashtra","521","Pune","34.9"
"2024-10-11","Onion","27","Maharashtra","3960","Junnar(Narayangaon)","Maharashtra","521","Pune","2.4"
"2024-10-11","Onion","27","Maharashtra","4751","Pune(Manjri)","Maharashtra","521","Pune","6.8"
"2024-10-11","Onion","27","Maharashtra","1827","Shirur","Maharashtra","521","Pune","134.5"
"2024-10-11","Onion","27","Maharashtra","2494","Pune(Pimpri)","Maharashtra","521","Pune","0.4"
"2024-10-11","Onion","27","Maharashtra","2493","Khed(Chakan)","Maharashtra","521","Pune","40"
"2024-10-11","Onion","27","Maharashtra","172","Pune","Maharashtra","521","Pune","1105.5"
"2024-10-11","Onion","27","Maharashtra","3958","Junnar(Alephata)","Maharashtra","521","Pune","418.8"
"2024-10-11","Onion","27","Maharashtra","2495","Pune(Khadiki)","Maharashtra","521","Pune","0.8"
"2024-10-10","Onion","27","Maharashtra","172","Pune","Maharashtra","521","Pune","985.7"
"2024-10-10","Onion","27","Maharashtra","3960","Junnar(Narayangaon)","Maharashtra","521","Pune","2"
"2024-10-10","Onion","27","Maharashtra","2495","Pune(Khadiki)","Maharashtra","521","Pune","3"
"2024-10-10","Onion","27","Maharashtra","4752","Pune(Moshi)","Maharashtra","521","Pune","59.9"
"2024-10-10","Onion","27","Maharashtra","2492","Junnar(Otur)","Maharashtra","521","Pune","793.1"
"2024-10-10","Onion","27","Maharashtra","2494","Pune(Pimpri)","Maharashtra","521","Pune","0.5"
"2024-10-10","Onion","27","Maharashtra","2493","Khed(Chakan)","Maharashtra","521","Pune","45"
"2024-10-10","Onion","27","Maharashtra","4751","Pune(Manjri)","Maharashtra","521","Pune","7.2"
"2024-10-10","Onion","27","Maharashtra","577","Manchar","Maharashtra","521","Pune","536.1"
"2024-10-09","Onion","27","Maharashtra","3960","Junnar(Narayangaon)","Maharashtra","521","Pune","2.6"
"2024-10-09","Onion","27","Maharashtra","2495","Pune(Khadiki)","Maharashtra","521","Pune","1.7"
"2024-10-09","Onion","27","Maharashtra","2493","Khed(Chakan)","Maharashtra","521","Pune","125"
"2024-10-09","Onion","27","Maharashtra","172","Pune","Maharashtra","521","Pune","1022.5"
"2024-10-09","Onion","27","Maharashtra","4751","Pune(Manjri)","Maharashtra","521","Pune","8"
"2024-10-09","Onion","27","Maharashtra","1827","Shirur","Maharashtra","521","Pune","127.5"
"2024-10-09","Onion","27","Maharashtra","2494","Pune(Pimpri)","Maharashtra","521","Pune","1.5"
"2024-10-09","Onion","27","Maharashtra","576","Baramati","Maharashtra","521","Pune","78.7"
"2024-10-07","Onion","27","Maharashtra","2494","Pune(Pimpri)","Maharashtra","521","Pune","0.4"
"2024-10-07","Onion","27","Maharashtra","4752","Pune(Moshi)","Maharashtra","521","Pune","24.1"
"2024-10-07","Onion","27","Maharashtra","576","Baramati","Maharashtra","521","Pune","70.6"
"2024-10-07","Onion","27","Maharashtra","172","Pune","Maharashtra","521","Pune","1028.1"
"2024-10-07","Onion","27","Maharashtra","1171","Indapur","Maharashtra","521","Pune","24.9"
"2024-10-07","Onion","27","Maharashtra","2495","Pune(Khadiki)","Maharashtra","521","Pune","0.5"
"2024-10-06","Onion","27","Maharashtra","3960","Junnar(Narayangaon)","Maharashtra","521","Pune","1.4"
"2024-10-06","Onion","27","Maharashtra","4752","Pune(Moshi)","Maharashtra","521","Pune","39.9"
"2024-10-06","Onion","27","Maharashtra","2495","Pune(Khadiki)","Maharashtra","521","Pune","1.5"
"2024-10-06","Onion","27","Maharashtra","4751","Pune(Manjri)","Maharashtra","521","Pune","5.8"
"2024-10-06","Onion","27","Maharashtra","1827","Shirur","Maharashtra","521","Pune","158.4"
"2024-10-06","Onion","27","Maharashtra","172","Pune","Maharashtra","521","Pune","1659.9"
"2024-10-06","Onion","27","Maharashtra","577","Manchar","Maharashtra","521","Pune","781.6"
"2024-10-06","Onion","27","Maharashtra","3958","Junnar(Alephata)","Maharashtra","521","Pune","412"
"2024-10-06","Onion","27","Maharashtra","2493","Khed(Chakan)","Maharashtra","521","Pune","40"
"2024-10-06","Onion","27","Maharashtra","2492","Junnar(Otur)","Maharashtra","521","Pune","776.6"
"2024-10-06","Onion","27","Maharashtra","2494","Pune(Pimpri)","Maharashtra","521","Pune","0.2"
"2024-10-05","Onion","27","Maharashtra","3960","Junnar(Narayangaon)","Maharashtra","521","Pune","4"
"2024-10-05","Onion","27","Maharashtra","2493","Khed(Chakan)","Maharashtra","521","Pune","150"
"2024-10-05","Onion","27","Maharashtra","4751","Pune(Manjri)","Maharashtra","521","Pune","5.8"
"2024-10-05","Onion","27","Maharashtra","2495","Pune(Khadiki)","Maharashtra","521","Pune","0.7"
"2024-10-05","Onion","27","Maharashtra","576","Baramati","Maharashtra","521","Pune","95.8"
"2024-10-05","Onion","27","Maharashtra","2494","Pune(Pimpri)","Maharashtra","521","Pune","0.4"
"2024-10-05","Onion","27","Maharashtra","4752","Pune(Moshi)","Maharashtra","521","Pune","40"
"2024-10-04","Onion","27","Maharashtra","4751","Pune(Manjri)","Maharashtra","521","Pune","8.5"
"2024-10-04","Onion","27","Maharashtra","2493","Khed(Chakan)","Maharashtra","521","Pune","50"
"2024-10-04","Onion","27","Maharashtra","2495","Pune(Khadiki)","Maharashtra","521","Pune","1.2"
"2024-10-04","Onion","27","Maharashtra","3958","Junnar(Alephata)","Maharashtra","521","Pune","332"
"2024-10-04","Onion","27","Maharashtra","1827","Shirur","Maharashtra","521","Pune","127.3"
"2024-10-04","Onion","27","Maharashtra","2494","Pune(Pimpri)","Maharashtra","521","Pune","0.3"
"2024-10-04","Onion","27","Maharashtra","3960","Junnar(Narayangaon)","Maharashtra","521","Pune","1.5"
"2024-10-04","Onion","27","Maharashtra","172","Pune","Maharashtra","521","Pune","913.6"
"2024-10-04","Onion","27","Maharashtra","4752","Pune(Moshi)","Maharashtra","521","Pune","37"
"2024-10-03","Onion","27","Maharashtra","4751","Pune(Manjri)","Maharashtra","521","Pune","5.9"
"2024-10-03","Onion","27","Maharashtra","3960","Junnar(Narayangaon)","Maharashtra","521","Pune","2.5"
"2024-10-03","Onion","27","Maharashtra","2495","Pune(Khadiki)","Maharashtra","521","Pune","2.6"
"2024-10-03","Onion","27","Maharashtra","172","Pune","Maharashtra","521","Pune","624.4"
"2024-10-03","Onion","27","Maharashtra","4752","Pune(Moshi)","Maharashtra","521","Pune","84.1"
"2024-10-03","Onion","27","Maharashtra","2493","Khed(Chakan)","Maharashtra","521","Pune","45"
"2024-10-03","Onion","27","Maharashtra","1455","Junnar","Maharashtra","521","Pune","366"
"2024-10-03","Onion","27","Maharashtra","2494","Pune(Pimpri)","Maharashtra","521","Pune","0.6"
"2024-10-02","Onion","27","Maharashtra","576","Baramati","Maharashtra","521","Pune","72.5"
"2024-10-02","Onion","27","Maharashtra","2493","Khed(Chakan)","Maharashtra","521","Pune","105"
"2024-10-02","Onion","27","Maharashtra","4751","Pune(Manjri)","Maharashtra","521","Pune","8.1"
"2024-10-02","Onion","27","Maharashtra","3960","Junnar(Narayangaon)","Maharashtra","521","Pune","2.6"
"2024-10-02","Onion","27","Maharashtra","2494","Pune(Pimpri)","Maharashtra","521","Pune","0.8"
"2024-10-01","Onion","27","Maharashtra","2494","Pune(Pimpri)","Maharashtra","521","Pune","0.8"
"2024-10-01","Onion","27","Maharashtra","3958","Junnar(Alephata)","Maharashtra","521","Pune","379"
"2024-10-01","Onion","27","Maharashtra","2493","Khed(Chakan)","Maharashtra","521","Pune","50"
"2024-10-01","Onion","27","Maharashtra","2495","Pune(Khadiki)","Maharashtra","521","Pune","1.5"
"2024-10-01","Onion","27","Maharashtra","4751","Pune(Manjri)","Maharashtra","521","Pune","6.5"
"2024-10-01","Onion","27","Maharashtra","4752","Pune(Moshi)","Maharashtra","521","Pune","23.6"
"2024-10-01","Onion","27","Maharashtra","172","Pune","Maharashtra","521","Pune","818.5"
"2024-10-01","Onion","27","Maharashtra","1827","Shirur","Maharashtra","521","Pune","92.4"
"2024-09-30","Onion","27","Maharashtra","4752","Pune(Moshi)","Maharashtra","521","Pune","67.3"
"2024-09-30","Onion","27","Maharashtra","3960","Junnar(Narayangaon)","Maharashtra","521","Pune","2.4"
"2024-09-30","Onion","27","Maharashtra","2494","Pune(Pimpri)","Maharashtra","521","Pune","1.5"
"2024-09-30","Onion","27","Maharashtra","576","Baramati","Maharashtra","521","Pune","62.2"
"2024-09-30","Onion","27","Maharashtra","172","Pune","Maharashtra","521","Pune","716"
"2024-09-30","Onion","27","Maharashtra","2495","Pune(Khadiki)","Maharashtra","521","Pune","2.8"
"2024-09-30","Onion","27","Maharashtra","4751","Pune(Manjri)","Maharashtra","521","Pune","8.9"
"2024-09-29","Onion","27","Maharashtra","2495","Pune(Khadiki)","Maharashtra","521","Pune","2.8"
"2024-09-29","Onion","27","Maharashtra","577","Manchar","Maharashtra","521","Pune","1017"
"2024-09-29","Onion","27","Maharashtra","3958","Junnar(Alephata)","Maharashtra","521","Pune","712.1"
"2024-09-29","Onion","27","Maharashtra","1455","Junnar","Maharashtra","521","Pune","706"
"2024-09-29","Onion","27","Maharashtra","172","Pune","Maharashtra","521","Pune","1450.2"
"2024-09-29","Onion","27","Maharashtra","4751","Pune(Manjri)","Maharashtra","521","Pune","9"
"2024-09-29","Onion","27","Maharashtra","1827","Shirur","Maharashtra","521","Pune","185.3"
"2024-09-29","Onion","27","Maharashtra","2494","Pune(Pimpri)","Maharashtra","521","Pune","4.1"
"2024-09-29","Onion","27","Maharashtra","3960","Junnar(Narayangaon)","Maharashtra","521","Pune","2.2"
"2024-09-29","Onion","27","Maharashtra","4752","Pune(Moshi)","Maharashtra","521","Pune","67.2"
"2024-09-29","Onion","27","Maharashtra","2492","Junnar(Otur)","Maharashtra","521","Pune","1061.3"
"2024-09-28","Onion","27","Maharashtra","4751","Pune(Manjri)","Maharashtra","521","Pune","8.4"
"2024-09-28","Onion","27","Maharashtra","2494","Pune(Pimpri)","Maharashtra","521","Pune","1.1"
"2024-09-28","Onion","27","Maharashtra","2495","Pune(Khadiki)","Maharashtra","521","Pune","2.5"
"2024-09-28","Onion","27","Maharashtra","3960","Junnar(Narayangaon)","Maharashtra","521","Pune","6.6"
"2024-09-28","Onion","27","Maharashtra","4752","Pune(Moshi)","Maharashtra","521","Pune","46.4"
"2024-09-28","Onion","27","Maharashtra","576","Baramati","Maharashtra","521","Pune","74.4"
"2024-09-27","Onion","27","Maharashtra","1827","Shirur","Maharashtra","521","Pune","198.3"
"2024-09-27","Onion","27","Maharashtra","4752","Pune(Moshi)","Maharashtra","521","Pune","32.5"
"2024-09-27","Onion","27","Maharashtra","3958","Junnar(Alephata)","Maharashtra","521","Pune","642.1"
"2024-09-27","Onion","27","Maharashtra","2493","Khed(Chakan)","Maharashtra","521","Pune","40"
"2024-09-27","Onion","27","Maharashtra","3960","Junnar(Narayangaon)","Maharashtra","521","Pune","2.2"
"2024-09-27","Onion","27","Maharashtra","4751","Pune(Manjri)","Maharashtra","521","Pune","7.9"
"2024-09-27","Onion","27","Maharashtra","2494","Pune(Pimpri)","Maharashtra","521","Pune","1"
"2024-09-27","Onion","27","Maharashtra","172","Pune","Maharashtra","521","Pune","888.2"
"2024-09-27","Onion","27","Maharashtra","2495","Pune(Khadiki)","Maharashtra","521","Pune","0.5"
"2024-09-26","Onion","27","Maharashtra","2492","Junnar(Otur)","Maharashtra","521","Pune","1072.4"
"2024-09-26","Onion","27","Maharashtra","2493","Khed(Chakan)","Maharashtra","521","Pune","40"
"2024-09-26","Onion","27","Maharashtra","172","Pune","Maharashtra","521","Pune","715.9"
"2024-09-26","Onion","27","Maharashtra","4752","Pune(Moshi)","Maharashtra","521","Pune","87.2"
"2024-09-26","Onion","27","Maharashtra","2495","Pune(Khadiki)","Maharashtra","521","Pune","2.3"
"2024-09-26","Onion","27","Maharashtra","3960","Junnar(Narayangaon)","Maharashtra","521","Pune","2"
"2024-09-26","Onion","27","Maharashtra","2494","Pune(Pimpri)","Maharashtra","521","Pune","2"
"2024-09-26","Onion","27","Maharashtra","4751","Pune(Manjri)","Maharashtra","521","Pune","5.1"
"2024-09-25","Onion","27","Maharashtra","2493","Khed(Chakan)","Maharashtra","521","Pune","100"
"2024-09-25","Onion","27","Maharashtra","172","Pune","Maharashtra","521","Pune","888.8"
"2024-09-25","Onion","27","Maharashtra","576","Baramati","Maharashtra","521","Pune","70.1"
"2024-09-25","Onion","27","Maharashtra","2494","Pune(Pimpri)","Maharashtra","521","Pune","1.4"
"2024-09-25","Onion","27","Maharashtra","3960","Junnar(Narayangaon)","Maharashtra","521","Pune","1.6"
"2024-09-25","Onion","27","Maharashtra","4751","Pune(Manjri)","Maharashtra","521","Pune","6.4"
"2024-09-24","Onion","27","Maharashtra","4751","Pune(Manjri)","Maharashtra","521","Pune","6.9"
"2024-09-24","Onion","27","Maharashtra","2495","Pune(Khadiki)","Maharashtra","521","Pune","1.7"
"2024-09-24","Onion","27","Maharashtra","2494","Pune(Pimpri)","Maharashtra","521","Pune","0.7"
"2024-09-24","Onion","27","Maharashtra","2493","Khed(Chakan)","Maharashtra","521","Pune","50"
"2024-09-24","Onion","27","Maharashtra","577","Manchar","Maharashtra","521","Pune","875.5"
"2024-09-24","Onion","27","Maharashtra","3958","Junnar(Alephata)","Maharashtra","521","Pune","642.2"
"2024-09-24","Onion","27","Maharashtra","4752","Pune(Moshi)","Maharashtra","521","Pune","41.9"
"2024-09-24","Onion","27","Maharashtra","172","Pune","Maharashtra","521","Pune","1024.3"
"2024-09-23","Onion","27","Maharashtra","4752","Pune(Moshi)","Maharashtra","521","Pune","48.2"
"2024-09-23","Onion","27","Maharashtra","2494","Pune(Pimpri)","Maharashtra","521","Pune","1.2"
"2024-09-23","Onion","27","Maharashtra","1171","Indapur","Maharashtra","521","Pune","3.8"
"2024-09-23","Onion","27","Maharashtra","4751","Pune(Manjri)","Maharashtra","521","Pune","6.7"
"2024-09-23","Onion","27","Maharashtra","576","Baramati","Maharashtra","521","Pune","55.6"
"2024-09-23","Onion","27","Maharashtra","2495","Pune(Khadiki)","Maharashtra","521","Pune","1.6"
"2024-09-23","Onion","27","Maharashtra","172","Pune","Maharashtra","521","Pune","970.6"
"2024-09-23","Onion","27","Maharashtra","3960","Junnar(Narayangaon)","Maharashtra","521","Pune","1.8"
"2024-09-22","Onion","27","Maharashtra","3960","Junnar(Narayangaon)","Maharashtra","521","Pune","1.8"
"2024-09-22","Onion","27","Maharashtra","577","Manchar","Maharashtra","521","Pune","851.4"
"2024-09-22","Onion","27","Maharashtra","172","Pune","Maharashtra","521","Pune","1128.4"
"2024-09-22","Onion","27","Maharashtra","2492","Junnar(Otur)","Maharashtra","521","Pune","1055.9"
"2024-09-22","Onion","27","Maharashtra","4752","Pune(Moshi)","Maharashtra","521","Pune","64.7"
"2024-09-22","Onion","27","Maharashtra","2494","Pune(Pimpri)","Maharashtra","521","Pune","3.1"
"2024-09-22","Onion","27","Maharashtra","2495","Pune(Khadiki)","Maharashtra","521","Pune","4.2"
"2024-09-22","Onion","27","Maharashtra","4751","Pune(Manjri)","Maharashtra","521","Pune","8.8"
"2024-09-22","Onion","27","Maharashtra","3958","Junnar(Alephata)","Maharashtra","521","Pune","536.7"
"2024-09-22","Onion","27","Maharashtra","2493","Khed(Chakan)","Maharashtra","521","Pune","50"
"2024-09-21","Onion","27","Maharashtra","4752","Pune(Moshi)","Maharashtra","521","Pune","49.4"
"2024-09-21","Onion","27","Maharashtra","576","Baramati","Maharashtra","521","Pune","69.4"
"2024-09-21","Onion","27","Maharashtra","2495","Pune(Khadiki)","Maharashtra","521","Pune","2.6"
"2024-09-21","Onion","27","Maharashtra","4751","Pune(Manjri)","Maharashtra","521","Pune","8.4"
"2024-09-21","Onion","27","Maharashtra","2493","Khed(Chakan)","Maharashtra","521","Pune","90"
"2024-09-21","Onion","27","Maharashtra","3960","Junnar(Narayangaon)","Maharashtra","521","Pune","3.5"
"2024-09-21","Onion","27","Maharashtra","2494","Pune(Pimpri)","Maharashtra","521","Pune","1.2"
"2024-09-20","Onion","27","Maharashtra","2495","Pune(Khadiki)","Maharashtra","521","Pune","3.6"
"2024-09-20","Onion","27","Maharashtra","4752","Pune(Moshi)","Maharashtra","521","Pune","54.2"
"2024-09-20","Onion","27","Maharashtra","2494","Pune(Pimpri)","Maharashtra","521","Pune","2.2"
"2024-09-20","Onion","27","Maharashtra","3960","Junnar(Narayangaon)","Maharashtra","521","Pune","2.6"
"2024-09-20","Onion","27","Maharashtra","2493","Khed(Chakan)","Maharashtra","521","Pune","50"
"2024-09-20","Onion","27","Maharashtra","4751","Pune(Manjri)","Maharashtra","521","Pune","7.7"
"2024-09-20","Onion","27","Maharashtra","3958","Junnar(Alephata)","Maharashtra","521","Pune","425.6"
"2024-09-19","Onion","27","Maharashtra","2495","Pune(Khadiki)","Maharashtra","521","Pune","2.5"
"2024-09-19","Onion","27","Maharashtra","3960","Junnar(Narayangaon)","Maharashtra","521","Pune","1.8"
"2024-09-19","Onion","27","Maharashtra","4751","Pune(Manjri)","Maharashtra","521","Pune","7.7"
"2024-09-19","Onion","27","Maharashtra","2493","Khed(Chakan)","Maharashtra","521","Pune","35"
"2024-09-19","Onion","27","Maharashtra","4752","Pune(Moshi)","Maharashtra","521","Pune","88.4"
"2024-09-19","Onion","27","Maharashtra","172","Pune","Maharashtra","521","Pune","777.2"
"2024-09-19","Onion","27","Maharashtra","1455","Junnar","Maharashtra","521","Pune","561.2"
"2024-09-19","Onion","27","Maharashtra","577","Manchar","Maharashtra","521","Pune","640.8"
"2024-09-19","Onion","27","Maharashtra","2492","Junnar(Otur)","Maharashtra","521","Pune","1029.4"
"2024-09-19","Onion","27","Maharashtra","2494","Pune(Pimpri)","Maharashtra","521","Pune","1.1"
"2024-09-18","Onion","27","Maharashtra","3960","Junnar(Narayangaon)","Maharashtra","521","Pune","1.8"
"2024-09-18","Onion","27","Maharashtra","2493","Khed(Chakan)","Maharashtra","521","Pune","100"
"2024-09-18","Onion","27","Maharashtra","576","Baramati","Maharashtra","521","Pune","31.3"
"2024-09-18","Onion","27","Maharashtra","2494","Pune(Pimpri)","Maharashtra","521","Pune","2.1"
"2024-09-17","Onion","27","Maharashtra","3958","Junnar(Alephata)","Maharashtra","521","Pune","591.1"
"2024-09-17","Onion","27","Maharashtra","172","Pune","Maharashtra","521","Pune","646.3"
"2024-09-17","Onion","27","Maharashtra","4751","Pune(Manjri)","Maharashtra","521","Pune","7"
"2024-09-17","Onion","27","Maharashtra","2493","Khed(Chakan)","Maharashtra","521","Pune","45"
"2024-09-17","Onion","27","Maharashtra","4752","Pune(Moshi)","Maharashtra","521","Pune","60.7"
"2024-09-17","Onion","27","Maharashtra","2494","Pune(Pimpri)","Maharashtra","521","Pune","1.2"
"2024-09-16","Onion","27","Maharashtra","2495","Pune(Khadiki)","Maharashtra","521","Pune","1.2"
"2024-09-16","Onion","27","Maharashtra","2494","Pune(Pimpri)","Maharashtra","521","Pune","2.4"
"2024-09-16","Onion","27","Maharashtra","172","Pune","Maharashtra","521","Pune","935.3"
"2024-09-16","Onion","27","Maharashtra","576","Baramati","Maharashtra","521","Pune","13.6"
"2024-09-16","Onion","27","Maharashtra","4751","Pune(Manjri)","Maharashtra","521","Pune","6.2"
"2024-09-16","Onion","27","Maharashtra","4752","Pune(Moshi)","Maharashtra","521","Pune","56.4"
"2024-09-15","Onion","27","Maharashtra","1455","Junnar","Maharashtra","521","Pune","630"
"2024-09-15","Onion","27","Maharashtra","4752","Pune(Moshi)","Maharashtra","521","Pune","36.3"
"2024-09-15","Onion","27","Maharashtra","577","Manchar","Maharashtra","521","Pune","625.8"
"2024-09-15","Onion","27","Maharashtra","172","Pune","Maharashtra","521","Pune","933.5"
"2024-09-15","Onion","27","Maharashtra","2495","Pune(Khadiki)","Maharashtra","521","Pune","2.8"
"2024-09-15","Onion","27","Maharashtra","2493","Khed(Chakan)","Maharashtra","521","Pune","50"
"2024-09-15","Onion","27","Maharashtra","3960","Junnar(Narayangaon)","Maharashtra","521","Pune","1.5"
"2024-09-15","Onion","27","Maharashtra","4751","Pune(Manjri)","Maharashtra","521","Pune","9"
"2024-09-15","Onion","27","Maharashtra","2492","Junnar(Otur)","Maharashtra","521","Pune","1146.6"
"2024-09-15","Onion","27","Maharashtra","3958","Junnar(Alephata)","Maharashtra","521","Pune","548.1"
"2024-09-15","Onion","27","Maharashtra","2494","Pune(Pimpri)","Maharashtra","521","Pune","3.8"
"2024-09-14","Onion","27","Maharashtra","4751","Pune(Manjri)","Maharashtra","521","Pune","7.7"
"2024-09-14","Onion","27","Maharashtra","3960","Junnar(Narayangaon)","Maharashtra","521","Pune","2.8"
"2024-09-14","Onion","27","Maharashtra","2493","Khed(Chakan)","Maharashtra","521","Pune","100"
"2024-09-14","Onion","27","Maharashtra","4752","Pune(Moshi)","Maharashtra","521","Pune","49.7"
"2024-09-14","Onion","27","Maharashtra","2494","Pune(Pimpri)","Maharashtra","521","Pune","1.4"
"2024-09-14","Onion","27","Maharashtra","2495","Pune(Khadiki)","Maharashtra","521","Pune","2.6"
"2024-09-13","Onion","27","Maharashtra","4752","Pune(Moshi)","Maharashtra","521","Pune","40.6"
"2024-09-13","Onion","27","Maharashtra","2494","Pune(Pimpri)","Maharashtra","521","Pune","1.2"
"2024-09-13","Onion","27","Maharashtra","3958","Junnar(Alephata)","Maharashtra","521","Pune","647.3"
"2024-09-13","Onion","27","Maharashtra","3960","Junnar(Narayangaon)","Maharashtra","521","Pune","3.5"
"2024-09-13","Onion","27","Maharashtra","2495","Pune(Khadiki)","Maharashtra","521","Pune","2.2"
"2024-09-13","Onion","27","Maharashtra","2493","Khed(Chakan)","Maharashtra","521","Pune","45"
"2024-09-13","Onion","27","Maharashtra","4751","Pune(Manjri)","Maharashtra","521","Pune","8.8"
"2024-09-13","Onion","27","Maharashtra","172","Pune","Maharashtra","521","Pune","655.4"
"2024-09-12","Onion","27","Maharashtra","172","Pune","Maharashtra","521","Pune","590.3"
"2024-09-12","Onion","27","Maharashtra","3960","Junnar(Narayangaon)","Maharashtra","521","Pune","4.2"
"2024-09-12","Onion","27","Maharashtra","2494","Pune(Pimpri)","Maharashtra","521","Pune","1.3"
"2024-09-12","Onion","27","Maharashtra","2492","Junnar(Otur)","Maharashtra","521","Pune","1346.5"
"2024-09-12","Onion","27","Maharashtra","577","Manchar","Maharashtra","521","Pune","657"
"2024-09-12","Onion","27","Maharashtra","2495","Pune(Khadiki)","Maharashtra","521","Pune","2.6"
"2024-09-12","Onion","27","Maharashtra","2493","Khed(Chakan)","Maharashtra","521","Pune","45"
"2024-09-12","Onion","27","Maharashtra","4752","Pune(Moshi)","Maharashtra","521","Pune","56.1"
"2024-09-12","Onion","27","Maharashtra","4751","Pune(Manjri)","Maharashtra","521","Pune","8"
"2024-09-11","Onion","27","Maharashtra","172","Pune","Maharashtra","521","Pune","632.2"
"2024-09-11","Onion","27","Maharashtra","2494","Pune(Pimpri)","Maharashtra","521","Pune","2.7"
"2024-09-11","Onion","27","Maharashtra","2493","Khed(Chakan)","Maharashtra","521","Pune","125"
"2024-09-11","Onion","27","Maharashtra","4751","Pune(Manjri)","Maharashtra","521","Pune","7"
"2024-09-11","Onion","27","Maharashtra","3960","Junnar(Narayangaon)","Maharashtra","521","Pune","2.4"
"2024-09-11","Onion","27","Maharashtra","576","Baramati","Maharashtra","521","Pune","34.2"
"2024-09-10","Onion","27","Maharashtra","4751","Pune(Manjri)","Maharashtra","521","Pune","7.8"
"2024-09-10","Onion","27","Maharashtra","172","Pune","Maharashtra","521","Pune","981.7"
"2024-09-10","Onion","27","Maharashtra","3958","Junnar(Alephata)","Maharashtra","521","Pune","766.7"
"2024-09-10","Onion","27","Maharashtra","577","Manchar","Maharashtra","521","Pune","800"
"2024-09-10","Onion","27","Maharashtra","4752","Pune(Moshi)","Maharashtra","521","Pune","42.5"
"2024-09-10","Onion","27","Maharashtra","2494","Pune(Pimpri)","Maharashtra","521","Pune","1.3"
"2024-09-10","Onion","27","Maharashtra","2493","Khed(Chakan)","Maharashtra","521","Pune","50"
"2024-09-09","Onion","27","Maharashtra","2494","Pune(Pimpri)","Maharashtra","521","Pune","0.7"
"2024-09-09","Onion","27","Maharashtra","4752","Pune(Moshi)","Maharashtra","521","Pune","29.5"
"2024-09-09","Onion","27","Maharashtra","4751","Pune(Manjri)","Maharashtra","521","Pune","9.3"
"2024-09-09","Onion","27","Maharashtra","3960","Junnar(Narayangaon)","Maharashtra","521","Pune","2.6"
"2024-09-09","Onion","27","Maharashtra","2495","Pune(Khadiki)","Maharashtra","521","Pune","1.7"
"2024-09-09","Onion","27","Maharashtra","172","Pune","Maharashtra","521","Pune","772.5"
"2024-09-09","Onion","27","Maharashtra","576","Baramati","Maharashtra","521","Pune","20"
"2024-09-08","Onion","27","Maharashtra","4751","Pune(Manjri)","Maharashtra","521","Pune","4.6"
"2024-09-08","Onion","27","Maharashtra","4752","Pune(Moshi)","Maharashtra","521","Pune","34.8"
"2024-09-08","Onion","27","Maharashtra","2495","Pune(Khadiki)","Maharashtra","521","Pune","2.5"
"2024-09-08","Onion","27","Maharashtra","2492","Junnar(Otur)","Maharashtra","521","Pune","1143.9"
"2024-09-08","Onion","27","Maharashtra","2494","Pune(Pimpri)","Maharashtra","521","Pune","2.3"
"2024-09-08","Onion","27","Maharashtra","1455","Junnar","Maharashtra","521","Pune","657.2"
"2024-09-08","Onion","27","Maharashtra","3958","Junnar(Alephata)","Maharashtra","521","Pune","606.3"
"2024-09-08","Onion","27","Maharashtra","2493","Khed(Chakan)","Maharashtra","521","Pune","50"
"2024-09-08","Onion","27","Maharashtra","172","Pune","Maharashtra","521","Pune","849.9"
"2024-09-08","Onion","27","Maharashtra","3960","Junnar(Narayangaon)","Maharashtra","521","Pune","2.4"
"2024-09-07","Onion","27","Maharashtra","576","Baramati","Maharashtra","521","Pune","46"
"2024-09-07","Onion","27","Maharashtra","4752","Pune(Moshi)","Maharashtra","521","Pune","48.3"
"2024-09-07","Onion","27","Maharashtra","2495","Pune(Khadiki)","Maharashtra","521","Pune","1.8"
"2024-09-07","Onion","27","Maharashtra","2493","Khed(Chakan)","Maharashtra","521","Pune","150"
"2024-09-07","Onion","27","Maharashtra","2494","Pune(Pimpri)","Maharashtra","521","Pune","0.7"
"2024-09-07","Onion","27","Maharashtra","4751","Pune(Manjri)","Maharashtra","521","Pune","8"
"2024-09-06","Onion","27","Maharashtra","172","Pune","Maharashtra","521","Pune","1149.5"
"2024-09-06","Onion","27","Maharashtra","4751","Pune(Manjri)","Maharashtra","521","Pune","6.9"
"2024-09-06","Onion","27","Maharashtra","2495","Pune(Khadiki)","Maharashtra","521","Pune","2"
"2024-09-06","Onion","27","Maharashtra","1171","Indapur","Maharashtra","521","Pune","2.4"
"2024-09-06","Onion","27","Maharashtra","2494","Pune(Pimpri)","Maharashtra","521","Pune","1"
"2024-09-06","Onion","27","Maharashtra","4752","Pune(Moshi)","Maharashtra","521","Pune","54.7"
"2024-09-06","Onion","27","Maharashtra","2493","Khed(Chakan)","Maharashtra","521","Pune","45"
"2024-09-06","Onion","27","Maharashtra","3958","Junnar(Alephata)","Maharashtra","521","Pune","939.7"
"2024-09-06","Onion","27","Maharashtra","3960","Junnar(Narayangaon)","Maharashtra","521","Pune","2.4"
"2024-09-05","Onion","27","Maharashtra","2495","Pune(Khadiki)","Maharashtra","521","Pune","2.3"
"2024-09-05","Onion","27","Maharashtra","4752","Pune(Moshi)","Maharashtra","521","Pune","97.5"
"2024-09-05","Onion","27","Maharashtra","2492","Junnar(Otur)","Maharashtra","521","Pune","1629.7"
"2024-09-05","Onion","27","Maharashtra","2494","Pune(Pimpri)","Maharashtra","521","Pune","2.6"
"2024-09-05","Onion","27","Maharashtra","3960","Junnar(Narayangaon)","Maharashtra","521","Pune","2"
"2024-09-05","Onion","27","Maharashtra","172","Pune","Maharashtra","521","Pune","1024.2"
"2024-09-05","Onion","27","Maharashtra","4751","Pune(Manjri)","Maharashtra","521","Pune","7.7"
"2024-09-05","Onion","27","Maharashtra","1455","Junnar","Maharashtra","521","Pune","821.4"
"2024-09-05","Onion","27","Maharashtra","2493","Khed(Chakan)","Maharashtra","521","Pune","40"
"2024-09-05","Onion","27","Maharashtra","577","Manchar","Maharashtra","521","Pune","1183.7"
"2024-09-04","Onion","27","Maharashtra","576","Baramati","Maharashtra","521","Pune","40.9"
"2024-09-04","Onion","27","Maharashtra","2494","Pune(Pimpri)","Maharashtra","521","Pune","1.9"
"2024-09-04","Onion","27","Maharashtra","3960","Junnar(Narayangaon)","Maharashtra","521","Pune","2.5"
"2024-09-04","Onion","27","Maharashtra","2493","Khed(Chakan)","Maharashtra","521","Pune","110"
"2024-09-04","Onion","27","Maharashtra","4751","Pune(Manjri)","Maharashtra","521","Pune","8.5"
"2024-09-04","Onion","27","Maharashtra","172","Pune","Maharashtra","521","Pune","1266.9"
"2024-09-03","Onion","27","Maharashtra","172","Pune","Maharashtra","521","Pune","742.1"
"2024-09-03","Onion","27","Maharashtra","4751","Pune(Manjri)","Maharashtra","521","Pune","8.5"
"2024-09-03","Onion","27","Maharashtra","4752","Pune(Moshi)","Maharashtra","521","Pune","33.3"
"2024-09-03","Onion","27","Maharashtra","2495","Pune(Khadiki)","Maharashtra","521","Pune","0.4"
"2024-09-03","Onion","27","Maharashtra","2493","Khed(Chakan)","Maharashtra","521","Pune","45"
"2024-09-03","Onion","27","Maharashtra","3958","Junnar(Alephata)","Maharashtra","521","Pune","681.4"
"2024-09-03","Onion","27","Maharashtra","2494","Pune(Pimpri)","Maharashtra","521","Pune","1.1"
"2024-09-03","Onion","27","Maharashtra","577","Manchar","Maharashtra","521","Pune","1035"
"2024-09-02","Onion","27","Maharashtra","576","Baramati","Maharashtra","521","Pune","50.5"
"2024-09-02","Onion","27","Maharashtra","172","Pune","Maharashtra","521","Pune","561.6"
"2024-09-02","Onion","27","Maharashtra","4751","Pune(Manjri)","Maharashtra","521","Pune","9.2"
"2024-09-02","Onion","27","Maharashtra","2494","Pune(Pimpri)","Maharashtra","521","Pune","2.3"
"2024-09-02","Onion","27","Maharashtra","3960","Junnar(Narayangaon)","Maharashtra","521","Pune","1"
"2024-09-02","Onion","27","Maharashtra","2495","Pune(Khadiki)","Maharashtra","521","Pune","1.2"
"2024-09-02","Onion","27","Maharashtra","4752","Pune(Moshi)","Maharashtra","521","Pune","37.3"
"2024-09-01","Onion","27","Maharashtra","3958","Junnar(Alephata)","Maharashtra","521","Pune","667.7"
"2024-09-01","Onion","27","Maharashtra","4751","Pune(Manjri)","Maharashtra","521","Pune","10.5"
"2024-09-01","Onion","27","Maharashtra","172","Pune","Maharashtra","521","Pune","924.2"
"2024-09-01","Onion","27","Maharashtra","2493","Khed(Chakan)","Maharashtra","521","Pune","50"
"2024-09-01","Onion","27","Maharashtra","1455","Junnar","Maharashtra","521","Pune","836.6"
"2024-09-01","Onion","27","Maharashtra","4752","Pune(Moshi)","Maharashtra","521","Pune","79.4"
"2024-09-01","Onion","27","Maharashtra","2495","Pune(Khadiki)","Maharashtra","521","Pune","3.6"
"2024-09-01","Onion","27","Maharashtra","3960","Junnar(Narayangaon)","Maharashtra","521","Pune","1.4"
"2024-09-01","Onion","27","Maharashtra","2492","Junnar(Otur)","Maharashtra","521","Pune","1622.4"
"2024-09-01","Onion","27","Maharashtra","2494","Pune(Pimpri)","Maharashtra","521","Pune","3.1"
"2024-08-31","Onion","27","Maharashtra","576","Baramati","Maharashtra","521","Pune","56.5"
"2024-08-31","Onion","27","Maharashtra","4752","Pune(Moshi)","Maharashtra","521","Pune","38.3"
"2024-08-31","Onion","27","Maharashtra","2493","Khed(Chakan)","Maharashtra","521","Pune","130"
"2024-08-31","Onion","27","Maharashtra","4751","Pune(Manjri)","Maharashtra","521","Pune","6.2"
"2024-08-31","Onion","27","Maharashtra","3960","Junnar(Narayangaon)","Maharashtra","521","Pune","3.8"
"2024-08-31","Onion","27","Maharashtra","2494","Pune(Pimpri)","Maharashtra","521","Pune","1.4"
"2024-08-31","Onion","27","Maharashtra","2495","Pune(Khadiki)","Maharashtra","521","Pune","2.1"
"2024-08-30","Onion","27","Maharashtra","3960","Junnar(Narayangaon)","Maharashtra","521","Pune","2.2"
"2024-08-30","Onion","27","Maharashtra","3958","Junnar(Alephata)","Maharashtra","521","Pune","1106.7"
"2024-08-30","Onion","27","Maharashtra","2494","Pune(Pimpri)","Maharashtra","521","Pune","0.9"
"2024-08-30","Onion","27","Maharashtra","172","Pune","Maharashtra","521","Pune","1139.2"
"2024-08-30","Onion","27","Maharashtra","2493","Khed(Chakan)","Maharashtra","521","Pune","45"
"2024-08-30","Onion","27","Maharashtra","4751","Pune(Manjri)","Maharashtra","521","Pune","7.5"
"2024-08-30","Onion","27","Maharashtra","2495","Pune(Khadiki)","Maharashtra","521","Pune","0.4"
"2024-08-30","Onion","27","Maharashtra","4752","Pune(Moshi)","Maharashtra","521","Pune","54"
"2024-08-29","Onion","27","Maharashtra","4752","Pune(Moshi)","Maharashtra","521","Pune","69.7"
"2024-08-29","Onion","27","Maharashtra","2495","Pune(Khadiki)","Maharashtra","521","Pune","1.7"
"2024-08-29","Onion","27","Maharashtra","4751","Pune(Manjri)","Maharashtra","521","Pune","7.8"
"2024-08-29","Onion","27","Maharashtra","2494","Pune(Pimpri)","Maharashtra","521","Pune","2.3"
"2024-08-29","Onion","27","Maharashtra","2492","Junnar(Otur)","Maharashtra","521","Pune","1933.8"
"2024-08-29","Onion","27","Maharashtra","2493","Khed(Chakan)","Maharashtra","521","Pune","40"
"2024-08-29","Onion","27","Maharashtra","1455","Junnar","Maharashtra","521","Pune","910.5"
"2024-08-29","Onion","27","Maharashtra","3960","Junnar(Narayangaon)","Maharashtra","521","Pune","2.5"
"2024-08-29","Onion","27","Maharashtra","172","Pune","Maharashtra","521","Pune","981.1"
"2024-08-28","Onion","27","Maharashtra","2494","Pune(Pimpri)","Maharashtra","521","Pune","1"
"2024-08-28","Onion","27","Maharashtra","576","Baramati","Maharashtra","521","Pune","51"
"2024-08-28","Onion","27","Maharashtra","2493","Khed(Chakan)","Maharashtra","521","Pune","125"
"2024-08-28","Onion","27","Maharashtra","4751","Pune(Manjri)","Maharashtra","521","Pune","12"
"2024-08-28","Onion","27","Maharashtra","172","Pune","Maharashtra","521","Pune","790.7"
"2024-08-27","Onion","27","Maharashtra","2494","Pune(Pimpri)","Maharashtra","521","Pune","0.4"
"2024-08-27","Onion","27","Maharashtra","172","Pune","Maharashtra","521","Pune","999.9"
"2024-08-27","Onion","27","Maharashtra","577","Manchar","Maharashtra","521","Pune","1044.9"
"2024-08-27","Onion","27","Maharashtra","2495","Pune(Khadiki)","Maharashtra","521","Pune","0.4"
"2024-08-27","Onion","27","Maharashtra","2493","Khed(Chakan)","Maharashtra","521","Pune","45"
"2024-08-27","Onion","27","Maharashtra","4752","Pune(Moshi)","Maharashtra","521","Pune","43.3"
"2024-08-27","Onion","27","Maharashtra","4751","Pune(Manjri)","Maharashtra","521","Pune","6.5"
"2024-08-26","Onion","27","Maharashtra","3960","Junnar(Narayangaon)","Maharashtra","521","Pune","1.5"
"2024-08-26","Onion","27","Maharashtra","2494","Pune(Pimpri)","Maharashtra","521","Pune","0.7"
"2024-08-26","Onion","27","Maharashtra","2495","Pune(Khadiki)","Maharashtra","521","Pune","2.9"
"2024-08-26","Onion","27","Maharashtra","576","Baramati","Maharashtra","521","Pune","40.4"
"2024-08-26","Onion","27","Maharashtra","1171","Indapur","Maharashtra","521","Pune","2.8"
"2024-08-26","Onion","27","Maharashtra","4752","Pune(Moshi)","Maharashtra","521","Pune","39.4"
"2024-08-26","Onion","27","Maharashtra","172","Pune","Maharashtra","521","Pune","781.9"
"2024-08-26","Onion","27","Maharashtra","4751","Pune(Manjri)","Maharashtra","521","Pune","6.9"
"2024-08-25","Onion","27","Maharashtra","3958","Junnar(Alephata)","Maharashtra","521","Pune","1124.1"
"2024-08-25","Onion","27","Maharashtra","4751","Pune(Manjri)","Maharashtra","521","Pune","7.8"
"2024-08-25","Onion","27","Maharashtra","2494","Pune(Pimpri)","Maharashtra","521","Pune","1.2"
"2024-08-25","Onion","27","Maharashtra","2495","Pune(Khadiki)","Maharashtra","521","Pune","0.9"
"2024-08-25","Onion","27","Maharashtra","4752","Pune(Moshi)","Maharashtra","521","Pune","28.7"
"2024-08-25","Onion","27","Maharashtra","2492","Junnar(Otur)","Maharashtra","521","Pune","1639"
"2024-08-25","Onion","27","Maharashtra","172","Pune","Maharashtra","521","Pune","1589.6"
"2024-08-25","Onion","27","Maharashtra","2493","Khed(Chakan)","Maharashtra","521","Pune","40"
"2024-08-25","Onion","27","Maharashtra","577","Manchar","Maharashtra","521","Pune","1398.2"
"2024-08-25","Onion","27","Maharashtra","3960","Junnar(Narayangaon)","Maharashtra","521","Pune","3"
"2024-08-24","Onion","27","Maharashtra","576","Baramati","Maharashtra","521","Pune","35.6"
"2024-08-24","Onion","27","Maharashtra","2493","Khed(Chakan)","Maharashtra","521","Pune","125"
"2024-08-24","Onion","27","Maharashtra","4752","Pune(Moshi)","Maharashtra","521","Pune","55.6"
"2024-08-24","Onion","27","Maharashtra","2494","Pune(Pimpri)","Maharashtra","521","Pune","1.5"
"2024-08-24","Onion","27","Maharashtra","4751","Pune(Manjri)","Maharashtra","521","Pune","9.3"
"2024-08-23","Onion","27","Maharashtra","3958","Junnar(Alephata)","Maharashtra","521","Pune","1096.5"
"2024-08-23","Onion","27","Maharashtra","4752","Pune(Moshi)","Maharashtra","521","Pune","45.6"
"2024-08-23","Onion","27","Maharashtra","1827","Shirur","Maharashtra","521","Pune","374.6"
"2024-08-23","Onion","27","Maharashtra","2495","Pune(Khadiki)","Maharashtra","521","Pune","1.5"
"2024-08-23","Onion","27","Maharashtra","1171","Indapur","Maharashtra","521","Pune","5.1"
"2024-08-23","Onion","27","Maharashtra","2492","Junnar(Otur)","Maharashtra","521","Pune","1348.4"
"2024-08-23","Onion","27","Maharashtra","2494","Pune(Pimpri)","Maharashtra","521","Pune","1.6"
"2024-08-23","Onion","27","Maharashtra","172","Pune","Maharashtra","521","Pune","1693.4"
"2024-08-23","Onion","27","Maharashtra","3960","Junnar(Narayangaon)","Maharashtra","521","Pune","1.5"
"2024-08-23","Onion","27","Maharashtra","2493","Khed(Chakan)","Maharashtra","521","Pune","40"
"2024-08-22","Onion","27","Maharashtra","577","Manchar","Maharashtra","521","Pune","1301.2"
"2024-08-22","Onion","27","Maharashtra","3960","Junnar(Narayangaon)","Maharashtra","521","Pune","1.5"
"2024-08-22","Onion","27","Maharashtra","2493","Khed(Chakan)","Maharashtra","521","Pune","40"
"2024-08-22","Onion","27","Maharashtra","4751","Pune(Manjri)","Maharashtra","521","Pune","12.2"
"2024-08-22","Onion","27","Maharashtra","4752","Pune(Moshi)","Maharashtra","521","Pune","56.5"
"2024-08-22","Onion","27","Maharashtra","172","Pune","Maharashtra","521","Pune","1031.3"
"2024-08-22","Onion","27","Maharashtra","2494","Pune(Pimpri)","Maharashtra","521","Pune","2.1"
"2024-08-21","Onion","27","Maharashtra","2493","Khed(Chakan)","Maharashtra","521","Pune","100"
"2024-08-21","Onion","27","Maharashtra","2495","Pune(Khadiki)","Maharashtra","521","Pune","0.5"
"2024-08-21","Onion","27","Maharashtra","576","Baramati","Maharashtra","521","Pune","33.5"
"2024-08-21","Onion","27","Maharashtra","2494","Pune(Pimpri)","Maharashtra","521","Pune","0.5"
"2024-08-21","Onion","27","Maharashtra","172","Pune","Maharashtra","521","Pune","688.5"
"2024-08-21","Onion","27","Maharashtra","4751","Pune(Manjri)","Maharashtra","521","Pune","7.9"
"2024-08-20","Onion","27","Maharashtra","4752","Pune(Moshi)","Maharashtra","521","Pune","30.9"
"2024-08-20","Onion","27","Maharashtra","2493","Khed(Chakan)","Maharashtra","521","Pune","60"
"2024-08-20","Onion","27","Maharashtra","3958","Junnar(Alephata)","Maharashtra","521","Pune","712.2"
"2024-08-20","Onion","27","Maharashtra","2495","Pune(Khadiki)","Maharashtra","521","Pune","0.8"
"2024-08-20","Onion","27","Maharashtra","2494","Pune(Pimpri)","Maharashtra","521","Pune","0.7"
"2024-08-20","Onion","27","Maharashtra","4751","Pune(Manjri)","Maharashtra","521","Pune","7.7"
"2024-08-20","Onion","27","Maharashtra","172","Pune","Maharashtra","521","Pune","555.3"
"2024-08-20","Onion","27","Maharashtra","1827","Shirur","Maharashtra","521","Pune","56.8"
"2024-08-19","Onion","27","Maharashtra","4751","Pune(Manjri)","Maharashtra","521","Pune","7.5"
"2024-08-19","Onion","27","Maharashtra","4752","Pune(Moshi)","Maharashtra","521","Pune","41.8"
"2024-08-19","Onion","27","Maharashtra","576","Baramati","Maharashtra","521","Pune","39.3"
"2024-08-19","Onion","27","Maharashtra","2494","Pune(Pimpri)","Maharashtra","521","Pune","0.3"
"2024-08-19","Onion","27","Maharashtra","1171","Indapur","Maharashtra","521","Pune","9.8"
"2024-08-19","Onion","27","Maharashtra","2495","Pune(Khadiki)","Maharashtra","521","Pune","2.9"
"2024-08-18","Onion","27","Maharashtra","2494","Pune(Pimpri)","Maharashtra","521","Pune","2"
"2024-08-18","Onion","27","Maharashtra","2492","Junnar(Otur)","Maharashtra","521","Pune","1405.6"
"2024-08-18","Onion","27","Maharashtra","3958","Junnar(Alephata)","Maharashtra","521","Pune","873.1"
"2024-08-18","Onion","27","Maharashtra","4752","Pune(Moshi)","Maharashtra","521","Pune","54"
"2024-08-18","Onion","27","Maharashtra","4751","Pune(Manjri)","Maharashtra","521","Pune","11.9"
"2024-08-18","Onion","27","Maharashtra","172","Pune","Maharashtra","521","Pune","1193.5"
"2024-08-18","Onion","27","Maharashtra","3960","Junnar(Narayangaon)","Maharashtra","521","Pune","1.4"
"2024-08-17","Onion","27","Maharashtra","2494","Pune(Pimpri)","Maharashtra","521","Pune","1.3"
"2024-08-17","Onion","27","Maharashtra","4752","Pune(Moshi)","Maharashtra","521","Pune","61.2"
"2024-08-17","Onion","27","Maharashtra","576","Baramati","Maharashtra","521","Pune","47.5"
"2024-08-17","Onion","27","Maharashtra","4751","Pune(Manjri)","Maharashtra","521","Pune","10.6"
"2024-08-16","Onion","27","Maharashtra","4752","Pune(Moshi)","Maharashtra","521","Pune","69.4"
"2024-08-16","Onion","27","Maharashtra","2493","Khed(Chakan)","Maharashtra","521","Pune","50"
"2024-08-16","Onion","27","Maharashtra","4751","Pune(Manjri)","Maharashtra","521","Pune","7.5"
"2024-08-16","Onion","27","Maharashtra","3958","Junnar(Alephata)","Maharashtra","521","Pune","1102.3"
"2024-08-16","Onion","27","Maharashtra","2494","Pune(Pimpri)","Maharashtra","521","Pune","1.1"
"2024-08-16","Onion","27","Maharashtra","1827","Shirur","Maharashtra","521","Pune","218.4"
"2024-08-16","Onion","27","Maharashtra","3960","Junnar(Narayangaon)","Maharashtra","521","Pune","2.8"
"2024-08-15","Onion","27","Maharashtra","3960","Junnar(Narayangaon)","Maharashtra","521","Pune","2.5"
"2024-08-15","Onion","27","Maharashtra","2494","Pune(Pimpri)","Maharashtra","521","Pune","1.2"
"2024-08-14","Onion","27","Maharashtra","2493","Khed(Chakan)","Maharashtra","521","Pune","100"
"2024-08-14","Onion","27","Maharashtra","172","Pune","Maharashtra","521","Pune","1291.7"
"2024-08-14","Onion","27","Maharashtra","2494","Pune(Pimpri)","Maharashtra","521","Pune","1.4"
"2024-08-14","Onion","27","Maharashtra","576","Baramati","Maharashtra","521","Pune","48.2"
"2024-08-14","Onion","27","Maharashtra","4751","Pune(Manjri)","Maharashtra","521","Pune","9.2"
"2024-08-13","Onion","27","Maharashtra","2494","Pune(Pimpri)","Maharashtra","521","Pune","0.7"
"2024-08-13","Onion","27","Maharashtra","4752","Pune(Moshi)","Maharashtra","521","Pune","48.5"
"2024-08-13","Onion","27","Maharashtra","4751","Pune(Manjri)","Maharashtra","521","Pune","7.1"
"2024-08-13","Onion","27","Maharashtra","3958","Junnar(Alephata)","Maharashtra","521","Pune","1255.6"
"2024-08-13","Onion","27","Maharashtra","2495","Pune(Khadiki)","Maharashtra","521","Pune","1.8"
"2024-08-13","Onion","27","Maharashtra","172","Pune","Maharashtra","521","Pune","1278.3"
"2024-08-12","Onion","27","Maharashtra","576","Baramati","Maharashtra","521","Pune","30.7"
"2024-08-12","Onion","27","Maharashtra","2494","Pune(Pimpri)","Maharashtra","521","Pune","1.2"
"2024-08-12","Onion","27","Maharashtra","4752","Pune(Moshi)","Maharashtra","521","Pune","48.5"
"2024-08-12","Onion","27","Maharashtra","3960","Junnar(Narayangaon)","Maharashtra","521","Pune","1.5"
"2024-08-12","Onion","27","Maharashtra","2495","Pune(Khadiki)","Maharashtra","521","Pune","0.3"
"2024-08-12","Onion","27","Maharashtra","172","Pune","Maharashtra","521","Pune","1384.9"
"2024-08-12","Onion","27","Maharashtra","4751","Pune(Manjri)","Maharashtra","521","Pune","9.1"
"2024-08-11","Onion","27","Maharashtra","2495","Pune(Khadiki)","Maharashtra","521","Pune","2.3"
"2024-08-11","Onion","27","Maharashtra","4752","Pune(Moshi)","Maharashtra","521","Pune","35.9"
"2024-08-11","Onion","27","Maharashtra","2492","Junnar(Otur)","Maharashtra","521","Pune","776.4"
"2024-08-11","Onion","27","Maharashtra","2493","Khed(Chakan)","Maharashtra","521","Pune","50"
"2024-08-11","Onion","27","Maharashtra","3960","Junnar(Narayangaon)","Maharashtra","521","Pune","1.8"
"2024-08-11","Onion","27","Maharashtra","4751","Pune(Manjri)","Maharashtra","521","Pune","7"
"2024-08-11","Onion","27","Maharashtra","172","Pune","Maharashtra","521","Pune","1271.8"
"2024-08-11","Onion","27","Maharashtra","2494","Pune(Pimpri)","Maharashtra","521","Pune","1.3"
"2024-08-11","Onion","27","Maharashtra","577","Manchar","Maharashtra","521","Pune","1269.1"
"2024-08-11","Onion","27","Maharashtra","3958","Junnar(Alephata)","Maharashtra","521","Pune","597"
"2024-08-10","Onion","27","Maharashtra","4751","Pune(Manjri)","Maharashtra","521","Pune","7.5"
"2024-08-10","Onion","27","Maharashtra","2494","Pune(Pimpri)","Maharashtra","521","Pune","0.1"
"2024-08-10","Onion","27","Maharashtra","3960","Junnar(Narayangaon)","Maharashtra","521","Pune","4.6"
"2024-08-10","Onion","27","Maharashtra","576","Baramati","Maharashtra","521","Pune","45.6"
"2024-08-10","Onion","27","Maharashtra","4752","Pune(Moshi)","Maharashtra","521","Pune","29.2"
"2024-08-10","Onion","27","Maharashtra","2493","Khed(Chakan)","Maharashtra","521","Pune","100"
"2024-08-09","Onion","27","Maharashtra","3960","Junnar(Narayangaon)","Maharashtra","521","Pune","1.8"
"2024-08-09","Onion","27","Maharashtra","2495","Pune(Khadiki)","Maharashtra","521","Pune","1.7"
"2024-08-09","Onion","27","Maharashtra","3958","Junnar(Alephata)","Maharashtra","521","Pune","647.7"
"2024-08-09","Onion","27","Maharashtra","4752","Pune(Moshi)","Maharashtra","521","Pune","48"
"2024-08-09","Onion","27","Maharashtra","4751","Pune(Manjri)","Maharashtra","521","Pune","5.5"
"2024-08-09","Onion","27","Maharashtra","2494","Pune(Pimpri)","Maharashtra","521","Pune","0.6"
"2024-08-09","Onion","27","Maharashtra","172","Pune","Maharashtra","521","Pune","1146.3"
"2024-08-08","Onion","27","Maharashtra","1455","Junnar","Maharashtra","521","Pune","451.4"
"2024-08-08","Onion","27","Maharashtra","4752","Pune(Moshi)","Maharashtra","521","Pune","60.2"
"2024-08-08","Onion","27","Maharashtra","4751","Pune(Manjri)","Maharashtra","521","Pune","6.1"
"2024-08-08","Onion","27","Maharashtra","3960","Junnar(Narayangaon)","Maharashtra","521","Pune","2.4"
"2024-08-08","Onion","27","Maharashtra","2493","Khed(Chakan)","Maharashtra","521","Pune","35"
"2024-08-08","Onion","27","Maharashtra","2492","Junnar(Otur)","Maharashtra","521","Pune","882"
"2024-08-08","Onion","27","Maharashtra","577","Manchar","Maharashtra","521","Pune","1191.3"
"2024-08-08","Onion","27","Maharashtra","172","Pune","Maharashtra","521","Pune","1037.9"
"2024-08-08","Onion","27","Maharashtra","2494","Pune(Pimpri)","Maharashtra","521","Pune","0.6"
"2024-08-08","Onion","27","Maharashtra","2495","Pune(Khadiki)","Maharashtra","521","Pune","0.8"
"2024-08-07","Onion","27","Maharashtra","4751","Pune(Manjri)","Maharashtra","521","Pune","7.9"
"2024-08-07","Onion","27","Maharashtra","172","Pune","Maharashtra","521","Pune","956.4"
"2024-08-07","Onion","27","Maharashtra","2495","Pune(Khadiki)","Maharashtra","521","Pune","2"
"2024-08-07","Onion","27","Maharashtra","576","Baramati","Maharashtra","521","Pune","58"
"2024-08-07","Onion","27","Maharashtra","2493","Khed(Chakan)","Maharashtra","521","Pune","75"
"2024-08-07","Onion","27","Maharashtra","2494","Pune(Pimpri)","Maharashtra","521","Pune","0.4"
"2024-08-06","Onion","27","Maharashtra","4752","Pune(Moshi)","Maharashtra","521","Pune","30.5"
"2024-08-06","Onion","27","Maharashtra","4751","Pune(Manjri)","Maharashtra","521","Pune","6.9"
"2024-08-06","Onion","27","Maharashtra","2495","Pune(Khadiki)","Maharashtra","521","Pune","0.4"
"2024-08-06","Onion","27","Maharashtra","577","Manchar","Maharashtra","521","Pune","1010.2"
"2024-08-06","Onion","27","Maharashtra","3958","Junnar(Alephata)","Maharashtra","521","Pune","554.4"
"2024-08-06","Onion","27","Maharashtra","2494","Pune(Pimpri)","Maharashtra","521","Pune","0.9"
"2024-08-06","Onion","27","Maharashtra","2493","Khed(Chakan)","Maharashtra","521","Pune","60"
"2024-08-05","Onion","27","Maharashtra","2494","Pune(Pimpri)","Maharashtra","521","Pune","0.6"
"2024-08-05","Onion","27","Maharashtra","4751","Pune(Manjri)","Maharashtra","521","Pune","6.9"
"2024-08-05","Onion","27","Maharashtra","172","Pune","Maharashtra","521","Pune","397.7"
"2024-08-05","Onion","27","Maharashtra","3960","Junnar(Narayangaon)","Maharashtra","521","Pune","2.4"
"2024-08-05","Onion","27","Maharashtra","4752","Pune(Moshi)","Maharashtra","521","Pune","17.4"
"2024-08-05","Onion","27","Maharashtra","576","Baramati","Maharashtra","521","Pune","49.6"
"2024-08-05","Onion","27","Maharashtra","2495","Pune(Khadiki)","Maharashtra","521","Pune","1.3"
"2024-05-31","Onion","27","Maharashtra","3958","Junnar(Alephata)","Maharashtra","521","Pune","556.2"
"2024-05-31","Onion","27","Maharashtra","4751","Pune(Manjri)","Maharashtra","521","Pune","9.9"
"2024-05-31","Onion","27","Maharashtra","172","Pune","Maharashtra","521","Pune","1060.7"
"2024-05-31","Onion","27","Maharashtra","2494","Pune(Pimpri)","Maharashtra","521","Pune","1.2"
"2024-05-31","Onion","27","Maharashtra","4752","Pune(Moshi)","Maharashtra","521","Pune","63"
"2024-05-31","Onion","27","Maharashtra","2493","Khed(Chakan)","Maharashtra","521","Pune","25"
"2024-05-31","Onion","27","Maharashtra","3960","Junnar(Narayangaon)","Maharashtra","521","Pune","4"
"2024-05-30","Onion","27","Maharashtra","172","Pune","Maharashtra","521","Pune","839.6"
"2024-05-30","Onion","27","Maharashtra","577","Manchar","Maharashtra","521","Pune","376.1"
"2024-05-30","Onion","27","Maharashtra","2494","Pune(Pimpri)","Maharashtra","521","Pune","1.1"
"2024-05-30","Onion","27","Maharashtra","4752","Pune(Moshi)","Maharashtra","521","Pune","74.3"
"2024-05-30","Onion","27","Maharashtra","2495","Pune(Khadiki)","Maharashtra","521","Pune","1.3"
"2024-05-30","Onion","27","Maharashtra","1455","Junnar","Maharashtra","521","Pune","201.7"
"2024-05-29","Onion","27","Maharashtra","3960","Junnar(Narayangaon)","Maharashtra","521","Pune","4.8"
"2024-05-29","Onion","27","Maharashtra","1171","Indapur","Maharashtra","521","Pune","39"
"2024-05-29","Onion","27","Maharashtra","4751","Pune(Manjri)","Maharashtra","521","Pune","8.8"
"2024-05-29","Onion","27","Maharashtra","576","Baramati","Maharashtra","521","Pune","64.4"
"2024-05-29","Onion","27","Maharashtra","2494","Pune(Pimpri)","Maharashtra","521","Pune","1.3"
"2024-05-29","Onion","27","Maharashtra","2493","Khed(Chakan)","Maharashtra","521","Pune","60"
"2024-05-29","Onion","27","Maharashtra","172","Pune","Maharashtra","521","Pune","793.6"
"2024-05-29","Onion","27","Maharashtra","2495","Pune(Khadiki)","Maharashtra","521","Pune","0.8"
"2024-05-28","Onion","27","Maharashtra","2494","Pune(Pimpri)","Maharashtra","521","Pune","1.3"
"2024-05-28","Onion","27","Maharashtra","3958","Junnar(Alephata)","Maharashtra","521","Pune","501"
"2024-05-28","Onion","27","Maharashtra","2493","Khed(Chakan)","Maharashtra","521","Pune","22.5"
"2024-05-28","Onion","27","Maharashtra","4752","Pune(Moshi)","Maharashtra","521","Pune","39.8"
"2024-05-28","Onion","27","Maharashtra","2495","Pune(Khadiki)","Maharashtra","521","Pune","1.5"
"2024-05-28","Onion","27","Maharashtra","577","Manchar","Maharashtra","521","Pune","243"
"2024-05-28","Onion","27","Maharashtra","4751","Pune(Manjri)","Maharashtra","521","Pune","10"
"2024-05-27","Onion","27","Maharashtra","4751","Pune(Manjri)","Maharashtra","521","Pune","10.8"
"2024-05-27","Onion","27","Maharashtra","172","Pune","Maharashtra","521","Pune","869.2"
"2024-05-27","Onion","27","Maharashtra","576","Baramati","Maharashtra","521","Pune","59.6"
"2024-05-27","Onion","27","Maharashtra","3960","Junnar(Narayangaon)","Maharashtra","521","Pune","2"
"2024-05-27","Onion","27","Maharashtra","2495","Pune(Khadiki)","Maharashtra","521","Pune","1.3"
"2024-05-27","Onion","27","Maharashtra","4752","Pune(Moshi)","Maharashtra","521","Pune","44.5"
"2024-05-27","Onion","27","Maharashtra","2494","Pune(Pimpri)","Maharashtra","521","Pune","1.6"
"2024-05-26","Onion","27","Maharashtra","3960","Junnar(Narayangaon)","Maharashtra","521","Pune","2.6"
"2024-05-26","Onion","27","Maharashtra","4752","Pune(Moshi)","Maharashtra","521","Pune","56.4"
"2024-05-26","Onion","27","Maharashtra","2493","Khed(Chakan)","Maharashtra","521","Pune","15"
"2024-05-26","Onion","27","Maharashtra","3958","Junnar(Alephata)","Maharashtra","521","Pune","590"
"2024-05-26","Onion","27","Maharashtra","172","Pune","Maharashtra","521","Pune","1269.7"
"2024-05-26","Onion","27","Maharashtra","2492","Junnar(Otur)","Maharashtra","521","Pune","443.8"
"2024-05-26","Onion","27","Maharashtra","2495","Pune(Khadiki)","Maharashtra","521","Pune","1"
"2024-05-26","Onion","27","Maharashtra","577","Manchar","Maharashtra","521","Pune","383.4"
"2024-05-26","Onion","27","Maharashtra","2494","Pune(Pimpri)","Maharashtra","521","Pune","1.1"
"2024-05-25","Onion","27","Maharashtra","576","Baramati","Maharashtra","521","Pune","88.1"
"2024-05-25","Onion","27","Maharashtra","4752","Pune(Moshi)","Maharashtra","521","Pune","53.7"
"2024-05-25","Onion","27","Maharashtra","3960","Junnar(Narayangaon)","Maharashtra","521","Pune","4.8"
"2024-05-25","Onion","27","Maharashtra","2495","Pune(Khadiki)","Maharashtra","521","Pune","0.9"
"2024-05-25","Onion","27","Maharashtra","2494","Pune(Pimpri)","Maharashtra","521","Pune","1"
"2024-05-25","Onion","27","Maharashtra","2493","Khed(Chakan)","Maharashtra","521","Pune","125"
"2024-05-25","Onion","27","Maharashtra","4751","Pune(Manjri)","Maharashtra","521","Pune","8.8"
"2024-05-24","Onion","27","Maharashtra","4751","Pune(Manjri)","Maharashtra","521","Pune","11.8"
"2024-05-24","Onion","27","Maharashtra","2495","Pune(Khadiki)","Maharashtra","521","Pune","2.1"
"2024-05-24","Onion","27","Maharashtra","577","Manchar","Maharashtra","521","Pune","458.3"
"2024-05-24","Onion","27","Maharashtra","3960","Junnar(Narayangaon)","Maharashtra","521","Pune","2.2"
"2024-05-24","Onion","27","Maharashtra","4752","Pune(Moshi)","Maharashtra","521","Pune","43.3"
"2024-05-24","Onion","27","Maharashtra","1171","Indapur","Maharashtra","521","Pune","74.3"
"2024-05-24","Onion","27","Maharashtra","172","Pune","Maharashtra","521","Pune","983.9"
"2024-05-24","Onion","27","Maharashtra","3958","Junnar(Alephata)","Maharashtra","521","Pune","987.7"
"2024-05-24","Onion","27","Maharashtra","2493","Khed(Chakan)","Maharashtra","521","Pune","20"
"2024-05-24","Onion","27","Maharashtra","2494","Pune(Pimpri)","Maharashtra","521","Pune","0.3"
"2024-05-23","Onion","27","Maharashtra","4752","Pune(Moshi)","Maharashtra","521","Pune","67.8"
"2024-05-23","Onion","27","Maharashtra","2494","Pune(Pimpri)","Maharashtra","521","Pune","1.2"
"2024-05-23","Onion","27","Maharashtra","2493","Khed(Chakan)","Maharashtra","521","Pune","17.5"
"2024-05-23","Onion","27","Maharashtra","4751","Pune(Manjri)","Maharashtra","521","Pune","11.8"
"2024-05-23","Onion","27","Maharashtra","172","Pune","Maharashtra","521","Pune","920.3"
"2024-05-23","Onion","27","Maharashtra","2495","Pune(Khadiki)","Maharashtra","521","Pune","0.8"
"2024-05-23","Onion","27","Maharashtra","3960","Junnar(Narayangaon)","Maharashtra","521","Pune","10.2"
"2024-05-23","Onion","27","Maharashtra","2492","Junnar(Otur)","Maharashtra","521","Pune","517.1"
"2024-05-22","Onion","27","Maharashtra","2494","Pune(Pimpri)","Maharashtra","521","Pune","1.1"
"2024-05-22","Onion","27","Maharashtra","1171","Indapur","Maharashtra","521","Pune","74.3"
"2024-05-22","Onion","27","Maharashtra","2493","Khed(Chakan)","Maharashtra","521","Pune","75"
"2024-05-22","Onion","27","Maharashtra","576","Baramati","Maharashtra","521","Pune","60.9"
"2024-05-22","Onion","27","Maharashtra","172","Pune","Maharashtra","521","Pune","911.1"
"2024-05-22","Onion","27","Maharashtra","4751","Pune(Manjri)","Maharashtra","521","Pune","10.2"
"2024-05-21","Onion","27","Maharashtra","2495","Pune(Khadiki)","Maharashtra","521","Pune","1.3"
"2024-05-21","Onion","27","Maharashtra","172","Pune","Maharashtra","521","Pune","1084.4"
"2024-05-21","Onion","27","Maharashtra","4752","Pune(Moshi)","Maharashtra","521","Pune","37.1"
"2024-05-21","Onion","27","Maharashtra","2493","Khed(Chakan)","Maharashtra","521","Pune","20"
"2024-05-21","Onion","27","Maharashtra","4751","Pune(Manjri)","Maharashtra","521","Pune","10.2"
"2024-05-21","Onion","27","Maharashtra","2494","Pune(Pimpri)","Maharashtra","521","Pune","0.5"
"2024-05-21","Onion","27","Maharashtra","3958","Junnar(Alephata)","Maharashtra","521","Pune","1089.6"
"2024-05-21","Onion","27","Maharashtra","577","Manchar","Maharashtra","521","Pune","516.1"
"2024-05-20","Onion","27","Maharashtra","172","Pune","Maharashtra","521","Pune","1149.3"
"2024-05-20","Onion","27","Maharashtra","3960","Junnar(Narayangaon)","Maharashtra","521","Pune","4"
"2024-05-20","Onion","27","Maharashtra","2495","Pune(Khadiki)","Maharashtra","521","Pune","1.6"
"2024-05-20","Onion","27","Maharashtra","2494","Pune(Pimpri)","Maharashtra","521","Pune","0.9"
"2024-05-20","Onion","27","Maharashtra","4751","Pune(Manjri)","Maharashtra","521","Pune","11.3"
"2024-05-20","Onion","27","Maharashtra","576","Baramati","Maharashtra","521","Pune","71.3"
"2024-05-20","Onion","27","Maharashtra","1171","Indapur","Maharashtra","521","Pune","71.4"
"2024-05-20","Onion","27","Maharashtra","4752","Pune(Moshi)","Maharashtra","521","Pune","60.3"
"2024-05-19","Onion","27","Maharashtra","1455","Junnar","Maharashtra","521","Pune","308.6"
"2024-05-19","Onion","27","Maharashtra","2493","Khed(Chakan)","Maharashtra","521","Pune","15"
"2024-05-19","Onion","27","Maharashtra","2495","Pune(Khadiki)","Maharashtra","521","Pune","1"
"2024-05-19","Onion","27","Maharashtra","172","Pune","Maharashtra","521","Pune","1854"
"2024-05-19","Onion","27","Maharashtra","4751","Pune(Manjri)","Maharashtra","521","Pune","8.6"
"2024-05-19","Onion","27","Maharashtra","577","Manchar","Maharashtra","521","Pune","797.8"
"2024-05-19","Onion","27","Maharashtra","2494","Pune(Pimpri)","Maharashtra","521","Pune","0.5"
"2024-05-19","Onion","27","Maharashtra","2492","Junnar(Otur)","Maharashtra","521","Pune","555.4"
"2024-05-19","Onion","27","Maharashtra","3960","Junnar(Narayangaon)","Maharashtra","521","Pune","5"
"2024-05-19","Onion","27","Maharashtra","4752","Pune(Moshi)","Maharashtra","521","Pune","49.9"
"2024-05-19","Onion","27","Maharashtra","3958","Junnar(Alephata)","Maharashtra","521","Pune","1095"
"2024-05-18","Onion","27","Maharashtra","4751","Pune(Manjri)","Maharashtra","521","Pune","11.2"
"2024-05-18","Onion","27","Maharashtra","2494","Pune(Pimpri)","Maharashtra","521","Pune","1"
"2024-05-18","Onion","27","Maharashtra","2495","Pune(Khadiki)","Maharashtra","521","Pune","1.9"
"2024-05-18","Onion","27","Maharashtra","2493","Khed(Chakan)","Maharashtra","521","Pune","135"
"2024-05-18","Onion","27","Maharashtra","576","Baramati","Maharashtra","521","Pune","84.9"
"2024-05-18","Onion","27","Maharashtra","4752","Pune(Moshi)","Maharashtra","521","Pune","67"
"2024-05-18","Onion","27","Maharashtra","3960","Junnar(Narayangaon)","Maharashtra","521","Pune","1.5"
"2024-05-17","Onion","27","Maharashtra","2494","Pune(Pimpri)","Maharashtra","521","Pune","0.5"
"2024-05-17","Onion","27","Maharashtra","4752","Pune(Moshi)","Maharashtra","521","Pune","62.3"
"2024-05-17","Onion","27","Maharashtra","4751","Pune(Manjri)","Maharashtra","521","Pune","7.1"
"2024-05-17","Onion","27","Maharashtra","3958","Junnar(Alephata)","Maharashtra","521","Pune","1139.7"
"2024-05-17","Onion","27","Maharashtra","1171","Indapur","Maharashtra","521","Pune","59.4"
"2024-05-17","Onion","27","Maharashtra","3960","Junnar(Narayangaon)","Maharashtra","521","Pune","4.2"
"2024-05-17","Onion","27","Maharashtra","2495","Pune(Khadiki)","Maharashtra","521","Pune","1.4"
"2024-05-17","Onion","27","Maharashtra","172","Pune","Maharashtra","521","Pune","1541.3"
"2024-05-16","Onion","27","Maharashtra","1455","Junnar","Maharashtra","521","Pune","234.8"
"2024-05-16","Onion","27","Maharashtra","3960","Junnar(Narayangaon)","Maharashtra","521","Pune","5.8"
"2024-05-16","Onion","27","Maharashtra","2494","Pune(Pimpri)","Maharashtra","521","Pune","2.4"
"2024-05-16","Onion","27","Maharashtra","172","Pune","Maharashtra","521","Pune","1359.6"
"2024-05-16","Onion","27","Maharashtra","2493","Khed(Chakan)","Maharashtra","521","Pune","18.5"
"2024-05-16","Onion","27","Maharashtra","4751","Pune(Manjri)","Maharashtra","521","Pune","9.2"
"2024-05-16","Onion","27","Maharashtra","2495","Pune(Khadiki)","Maharashtra","521","Pune","2.1"
"2024-05-16","Onion","27","Maharashtra","577","Manchar","Maharashtra","521","Pune","750"
"2024-05-16","Onion","27","Maharashtra","2492","Junnar(Otur)","Maharashtra","521","Pune","572.4"
"2024-05-16","Onion","27","Maharashtra","4752","Pune(Moshi)","Maharashtra","521","Pune","83.8"
"2024-05-15","Onion","27","Maharashtra","576","Baramati","Maharashtra","521","Pune","74.1"
"2024-05-15","Onion","27","Maharashtra","172","Pune","Maharashtra","521","Pune","1038.3"
"2024-05-15","Onion","27","Maharashtra","1171","Indapur","Maharashtra","521","Pune","56.4"
"2024-05-15","Onion","27","Maharashtra","2495","Pune(Khadiki)","Maharashtra","521","Pune","1"
"2024-05-15","Onion","27","Maharashtra","2494","Pune(Pimpri)","Maharashtra","521","Pune","1.9"
"2024-05-15","Onion","27","Maharashtra","3960","Junnar(Narayangaon)","Maharashtra","521","Pune","4.5"
"2024-05-14","Onion","27","Maharashtra","3958","Junnar(Alephata)","Maharashtra","521","Pune","705.2"
"2024-05-14","Onion","27","Maharashtra","172","Pune","Maharashtra","521","Pune","1071.6"
"2024-05-14","Onion","27","Maharashtra","2493","Khed(Chakan)","Maharashtra","521","Pune","15"
"2024-05-14","Onion","27","Maharashtra","4752","Pune(Moshi)","Maharashtra","521","Pune","37.8"
"2024-05-14","Onion","27","Maharashtra","2494","Pune(Pimpri)","Maharashtra","521","Pune","2.4"
"2024-05-14","Onion","27","Maharashtra","577","Manchar","Maharashtra","521","Pune","336.2"
"2024-05-14","Onion","27","Maharashtra","2495","Pune(Khadiki)","Maharashtra","521","Pune","1.1"
"2024-05-14","Onion","27","Maharashtra","4751","Pune(Manjri)","Maharashtra","521","Pune","10.4"
"2024-05-13","Onion","27","Maharashtra","576","Baramati","Maharashtra","521","Pune","93.7"
"2024-05-12","Onion","27","Maharashtra","172","Pune","Maharashtra","521","Pune","1323.9"
"2024-05-12","Onion","27","Maharashtra","2494","Pune(Pimpri)","Maharashtra","521","Pune","0.5"
"2024-05-12","Onion","27","Maharashtra","3960","Junnar(Narayangaon)","Maharashtra","521","Pune","3.4"
"2024-05-12","Onion","27","Maharashtra","4752","Pune(Moshi)","Maharashtra","521","Pune","36.7"
"2024-05-12","Onion","27","Maharashtra","2492","Junnar(Otur)","Maharashtra","521","Pune","525.5"
"2024-05-12","Onion","27","Maharashtra","577","Manchar","Maharashtra","521","Pune","219.7"
"2024-05-12","Onion","27","Maharashtra","2495","Pune(Khadiki)","Maharashtra","521","Pune","1"
"2024-05-12","Onion","27","Maharashtra","3958","Junnar(Alephata)","Maharashtra","521","Pune","922"
"2024-05-11","Onion","27","Maharashtra","3960","Junnar(Narayangaon)","Maharashtra","521","Pune","5.6"
"2024-05-11","Onion","27","Maharashtra","576","Baramati","Maharashtra","521","Pune","167.6"
"2024-05-11","Onion","27","Maharashtra","4752","Pune(Moshi)","Maharashtra","521","Pune","41.5"
"2024-05-11","Onion","27","Maharashtra","4751","Pune(Manjri)","Maharashtra","521","Pune","8.6"
"2024-05-11","Onion","27","Maharashtra","2495","Pune(Khadiki)","Maharashtra","521","Pune","0.8"
"2024-05-11","Onion","27","Maharashtra","2494","Pune(Pimpri)","Maharashtra","521","Pune","0.9"
"2024-05-10","Onion","27","Maharashtra","2494","Pune(Pimpri)","Maharashtra","521","Pune","1"
"2024-05-10","Onion","27","Maharashtra","3958","Junnar(Alephata)","Maharashtra","521","Pune","1448.7"
"2024-05-10","Onion","27","Maharashtra","3960","Junnar(Narayangaon)","Maharashtra","521","Pune","4.2"
"2024-05-10","Onion","27","Maharashtra","2495","Pune(Khadiki)","Maharashtra","521","Pune","2"
"2024-05-10","Onion","27","Maharashtra","4751","Pune(Manjri)","Maharashtra","521","Pune","5"
"2024-05-10","Onion","27","Maharashtra","2493","Khed(Chakan)","Maharashtra","521","Pune","15"
"2024-05-10","Onion","27","Maharashtra","1171","Indapur","Maharashtra","521","Pune","111"
"2024-05-10","Onion","27","Maharashtra","172","Pune","Maharashtra","521","Pune","1108.5"
"2024-05-10","Onion","27","Maharashtra","4752","Pune(Moshi)","Maharashtra","521","Pune","45"
"2024-05-09","Onion","27","Maharashtra","2493","Khed(Chakan)","Maharashtra","521","Pune","10"
"2024-05-09","Onion","27","Maharashtra","172","Pune","Maharashtra","521","Pune","1132.5"
"2024-05-09","Onion","27","Maharashtra","2494","Pune(Pimpri)","Maharashtra","521","Pune","1.1"
"2024-05-09","Onion","27","Maharashtra","2495","Pune(Khadiki)","Maharashtra","521","Pune","3.4"
"2024-05-09","Onion","27","Maharashtra","4752","Pune(Moshi)","Maharashtra","521","Pune","113"
"2024-05-09","Onion","27","Maharashtra","2492","Junnar(Otur)","Maharashtra","521","Pune","1106.4"
"2024-05-09","Onion","27","Maharashtra","577","Manchar","Maharashtra","521","Pune","1350"
"2024-05-09","Onion","27","Maharashtra","3960","Junnar(Narayangaon)","Maharashtra","521","Pune","4"
"2024-05-09","Onion","27","Maharashtra","4751","Pune(Manjri)","Maharashtra","521","Pune","9.9"
"2024-05-08","Onion","27","Maharashtra","3960","Junnar(Narayangaon)","Maharashtra","521","Pune","2.2"
"2024-05-08","Onion","27","Maharashtra","2493","Khed(Chakan)","Maharashtra","521","Pune","330"
"2024-05-08","Onion","27","Maharashtra","2495","Pune(Khadiki)","Maharashtra","521","Pune","2.6"
"2024-05-08","Onion","27","Maharashtra","576","Baramati","Maharashtra","521","Pune","86.3"
"2024-05-08","Onion","27","Maharashtra","4751","Pune(Manjri)","Maharashtra","521","Pune","9.5"
"2024-05-07","Onion","27","Maharashtra","4752","Pune(Moshi)","Maharashtra","521","Pune","96.9"
"2024-05-07","Onion","27","Maharashtra","2494","Pune(Pimpri)","Maharashtra","521","Pune","1"
"2024-05-07","Onion","27","Maharashtra","577","Manchar","Maharashtra","521","Pune","1414.9"
"2024-05-07","Onion","27","Maharashtra","3958","Junnar(Alephata)","Maharashtra","521","Pune","1641"
"2024-05-07","Onion","27","Maharashtra","172","Pune","Maharashtra","521","Pune","1597.6"
"2024-05-07","Onion","27","Maharashtra","2493","Khed(Chakan)","Maharashtra","521","Pune","20"
"2024-05-07","Onion","27","Maharashtra","4751","Pune(Manjri)","Maharashtra","521","Pune","9.1"
"2024-05-06","Onion","27","Maharashtra","2495","Pune(Khadiki)","Maharashtra","521","Pune","2.1"
"2024-05-06","Onion","27","Maharashtra","576","Baramati","Maharashtra","521","Pune","56.5"
"2024-05-06","Onion","27","Maharashtra","4752","Pune(Moshi)","Maharashtra","521","Pune","61.1"
"2024-05-06","Onion","27","Maharashtra","3960","Junnar(Narayangaon)","Maharashtra","521","Pune","4.2"
"2024-05-06","Onion","27","Maharashtra","2494","Pune(Pimpri)","Maharashtra","521","Pune","0.4"
"2024-05-06","Onion","27","Maharashtra","4751","Pune(Manjri)","Maharashtra","521","Pune","11"
"2024-05-06","Onion","27","Maharashtra","172","Pune","Maharashtra","521","Pune","1636.3"
"2024-05-05","Onion","27","Maharashtra","2493","Khed(Chakan)","Maharashtra","521","Pune","10"
"2024-05-05","Onion","27","Maharashtra","1455","Junnar","Maharashtra","521","Pune","263.2"
"2024-05-05","Onion","27","Maharashtra","4752","Pune(Moshi)","Maharashtra","521","Pune","83.4"
"2024-05-05","Onion","27","Maharashtra","2494","Pune(Pimpri)","Maharashtra","521","Pune","2.2"
"2024-05-05","Onion","27","Maharashtra","2495","Pune(Khadiki)","Maharashtra","521","Pune","1.1"
"2024-05-05","Onion","27","Maharashtra","172","Pune","Maharashtra","521","Pune","1683.9"
"2024-05-05","Onion","27","Maharashtra","2492","Junnar(Otur)","Maharashtra","521","Pune","476.9"
"2024-05-05","Onion","27","Maharashtra","3960","Junnar(Narayangaon)","Maharashtra","521","Pune","4"
"2024-05-05","Onion","27","Maharashtra","577","Manchar","Maharashtra","521","Pune","867.4"
"2024-05-04","Onion","27","Maharashtra","1171","Indapur","Maharashtra","521","Pune","99.4"
"2024-05-04","Onion","27","Maharashtra","2493","Khed(Chakan)","Maharashtra","521","Pune","260"
"2024-05-04","Onion","27","Maharashtra","4751","Pune(Manjri)","Maharashtra","521","Pune","9"
"2024-05-04","Onion","27","Maharashtra","576","Baramati","Maharashtra","521","Pune","47.5"
"2024-05-04","Onion","27","Maharashtra","2495","Pune(Khadiki)","Maharashtra","521","Pune","1.3"
"2024-05-04","Onion","27","Maharashtra","3960","Junnar(Narayangaon)","Maharashtra","521","Pune","4"
"2024-05-04","Onion","27","Maharashtra","4752","Pune(Moshi)","Maharashtra","521","Pune","42.8"
"2024-05-04","Onion","27","Maharashtra","2494","Pune(Pimpri)","Maharashtra","521","Pune","0.4"
"2024-05-03","Onion","27","Maharashtra","4752","Pune(Moshi)","Maharashtra","521","Pune","32.4"
"2024-05-03","Onion","27","Maharashtra","172","Pune","Maharashtra","521","Pune","954.8"
"2024-05-03","Onion","27","Maharashtra","3960","Junnar(Narayangaon)","Maharashtra","521","Pune","2.5"
"2024-05-03","Onion","27","Maharashtra","1171","Indapur","Maharashtra","521","Pune","99.4"
"2024-05-03","Onion","27","Maharashtra","4751","Pune(Manjri)","Maharashtra","521","Pune","10.7"
"2024-05-03","Onion","27","Maharashtra","2495","Pune(Khadiki)","Maharashtra","521","Pune","1.5"
"2024-05-03","Onion","27","Maharashtra","3958","Junnar(Alephata)","Maharashtra","521","Pune","704.5"
"2024-05-03","Onion","27","Maharashtra","2493","Khed(Chakan)","Maharashtra","521","Pune","10"
"2024-05-03","Onion","27","Maharashtra","2494","Pune(Pimpri)","Maharashtra","521","Pune","0.8"
"2024-05-02","Onion","27","Maharashtra","3960","Junnar(Narayangaon)","Maharashtra","521","Pune","2.8"
"2024-05-02","Onion","27","Maharashtra","4752","Pune(Moshi)","Maharashtra","521","Pune","65.9"
"2024-05-02","Onion","27","Maharashtra","2493","Khed(Chakan)","Maharashtra","521","Pune","20"
"2024-05-02","Onion","27","Maharashtra","2495","Pune(Khadiki)","Maharashtra","521","Pune","2.2"
"2024-05-02","Onion","27","Maharashtra","4751","Pune(Manjri)","Maharashtra","521","Pune","11"
"2024-05-02","Onion","27","Maharashtra","172","Pune","Maharashtra","521","Pune","1194.7"
"2024-05-02","Onion","27","Maharashtra","2492","Junnar(Otur)","Maharashtra","521","Pune","419.9"
"2024-05-01","Onion","27","Maharashtra","3960","Junnar(Narayangaon)","Maharashtra","521","Pune","1.8"
"2024-05-01","Onion","27","Maharashtra","2494","Pune(Pimpri)","Maharashtra","521","Pune","0.6"
"2024-04-30","Onion","27","Maharashtra","2495","Pune(Khadiki)","Maharashtra","521","Pune","1.1"
"2024-04-30","Onion","27","Maharashtra","4752","Pune(Moshi)","Maharashtra","521","Pune","43.7"
"2024-04-30","Onion","27","Maharashtra","4751","Pune(Manjri)","Maharashtra","521","Pune","8.3"
"2024-04-30","Onion","27","Maharashtra","2493","Khed(Chakan)","Maharashtra","521","Pune","65"
"2024-04-30","Onion","27","Maharashtra","2494","Pune(Pimpri)","Maharashtra","521","Pune","0.5"
"2024-04-30","Onion","27","Maharashtra","3958","Junnar(Alephata)","Maharashtra","521","Pune","644"
"2024-04-30","Onion","27","Maharashtra","577","Manchar","Maharashtra","521","Pune","600.4"
"2024-04-29","Onion","27","Maharashtra","4751","Pune(Manjri)","Maharashtra","521","Pune","10.6"
"2024-04-29","Onion","27","Maharashtra","2495","Pune(Khadiki)","Maharashtra","521","Pune","10"
"2024-04-29","Onion","27","Maharashtra","4752","Pune(Moshi)","Maharashtra","521","Pune","46"
"2024-04-29","Onion","27","Maharashtra","3960","Junnar(Narayangaon)","Maharashtra","521","Pune","3"
"2024-04-28","Onion","27","Maharashtra","2492","Junnar(Otur)","Maharashtra","521","Pune","501.7"
"2024-04-28","Onion","27","Maharashtra","4751","Pune(Manjri)","Maharashtra","521","Pune","8.6"
"2024-04-28","Onion","27","Maharashtra","2493","Khed(Chakan)","Maharashtra","521","Pune","10"
"2024-04-28","Onion","27","Maharashtra","3958","Junnar(Alephata)","Maharashtra","521","Pune","749.2"
"2024-04-28","Onion","27","Maharashtra","172","Pune","Maharashtra","521","Pune","1381.8"
"2024-04-28","Onion","27","Maharashtra","3960","Junnar(Narayangaon)","Maharashtra","521","Pune","3"
"2024-04-28","Onion","27","Maharashtra","4752","Pune(Moshi)","Maharashtra","521","Pune","70.3"
"2024-04-28","Onion","27","Maharashtra","577","Manchar","Maharashtra","521","Pune","519.2"
"2024-04-28","Onion","27","Maharashtra","2494","Pune(Pimpri)","Maharashtra","521","Pune","1.1"
"2024-04-27","Onion","27","Maharashtra","2493","Khed(Chakan)","Maharashtra","521","Pune","250"
"2024-04-27","Onion","27","Maharashtra","3960","Junnar(Narayangaon)","Maharashtra","521","Pune","4.8"
"2024-04-27","Onion","27","Maharashtra","4752","Pune(Moshi)","Maharashtra","521","Pune","41.9"
"2024-04-27","Onion","27","Maharashtra","2494","Pune(Pimpri)","Maharashtra","521","Pune","0.7"
"2024-04-27","Onion","27","Maharashtra","2495","Pune(Khadiki)","Maharashtra","521","Pune","0.9"
"2024-04-27","Onion","27","Maharashtra","576","Baramati","Maharashtra","521","Pune","72.7"
"2024-04-27","Onion","27","Maharashtra","4751","Pune(Manjri)","Maharashtra","521","Pune","8.9"
"2024-04-26","Onion","27","Maharashtra","2495","Pune(Khadiki)","Maharashtra","521","Pune","2"
"2024-04-26","Onion","27","Maharashtra","4751","Pune(Manjri)","Maharashtra","521","Pune","10.5"
"2024-04-26","Onion","27","Maharashtra","2493","Khed(Chakan)","Maharashtra","521","Pune","10"
"2024-04-26","Onion","27","Maharashtra","3958","Junnar(Alephata)","Maharashtra","521","Pune","1052.3"
"2024-04-26","Onion","27","Maharashtra","4752","Pune(Moshi)","Maharashtra","521","Pune","40.8"
"2024-04-26","Onion","27","Maharashtra","2494","Pune(Pimpri)","Maharashtra","521","Pune","0.5"
"2024-04-26","Onion","27","Maharashtra","172","Pune","Maharashtra","521","Pune","1263.2"
"2024-04-26","Onion","27","Maharashtra","3960","Junnar(Narayangaon)","Maharashtra","521","Pune","2.4"
"2024-04-25","Onion","27","Maharashtra","4751","Pune(Manjri)","Maharashtra","521","Pune","9.4"
"2024-04-25","Onion","27","Maharashtra","4752","Pune(Moshi)","Maharashtra","521","Pune","47.5"
"2024-04-25","Onion","27","Maharashtra","2494","Pune(Pimpri)","Maharashtra","521","Pune","0.6"
"2024-04-25","Onion","27","Maharashtra","2492","Junnar(Otur)","Maharashtra","521","Pune","658.2"
"2024-04-25","Onion","27","Maharashtra","2493","Khed(Chakan)","Maharashtra","521","Pune","10"
"2024-04-25","Onion","27","Maharashtra","172","Pune","Maharashtra","521","Pune","984.4"
"2024-04-25","Onion","27","Maharashtra","1455","Junnar","Maharashtra","521","Pune","658.2"
"2024-04-25","Onion","27","Maharashtra","577","Manchar","Maharashtra","521","Pune","1031.7"
"2024-04-25","Onion","27","Maharashtra","2495","Pune(Khadiki)","Maharashtra","521","Pune","2.1"
"2024-04-25","Onion","27","Maharashtra","3960","Junnar(Narayangaon)","Maharashtra","521","Pune","3"
"2024-04-24","Onion","27","Maharashtra","2494","Pune(Pimpri)","Maharashtra","521","Pune","0.4"
"2024-04-24","Onion","27","Maharashtra","4751","Pune(Manjri)","Maharashtra","521","Pune","7.2"
"2024-04-24","Onion","27","Maharashtra","172","Pune","Maharashtra","521","Pune","942.2"
"2024-04-24","Onion","27","Maharashtra","1171","Indapur","Maharashtra","521","Pune","77.6"
"2024-04-24","Onion","27","Maharashtra","2493","Khed(Chakan)","Maharashtra","521","Pune","300"
"2024-04-23","Onion","27","Maharashtra","2494","Pune(Pimpri)","Maharashtra","521","Pune","0.3"
"2024-04-23","Onion","27","Maharashtra","577","Manchar","Maharashtra","521","Pune","760"
"2024-04-23","Onion","27","Maharashtra","2495","Pune(Khadiki)","Maharashtra","521","Pune","1.2"
"2024-04-22","Onion","27","Maharashtra","4751","Pune(Manjri)","Maharashtra","521","Pune","11.3"
"2024-04-22","Onion","27","Maharashtra","4752","Pune(Moshi)","Maharashtra","521","Pune","46.6"
"2024-04-22","Onion","27","Maharashtra","2494","Pune(Pimpri)","Maharashtra","521","Pune","3.4"
"2024-04-22","Onion","27","Maharashtra","172","Pune","Maharashtra","521","Pune","1125"
"2024-04-22","Onion","27","Maharashtra","2495","Pune(Khadiki)","Maharashtra","521","Pune","1"
"2024-04-22","Onion","27","Maharashtra","576","Baramati","Maharashtra","521","Pune","40.5"
"2024-04-21","Onion","27","Maharashtra","4751","Pune(Manjri)","Maharashtra","521","Pune","8.4"
"2024-04-21","Onion","27","Maharashtra","2495","Pune(Khadiki)","Maharashtra","521","Pune","1.4"
"2024-04-21","Onion","27","Maharashtra","4752","Pune(Moshi)","Maharashtra","521","Pune","43.7"
"2024-04-21","Onion","27","Maharashtra","172","Pune","Maharashtra","521","Pune","1466.7"
"2024-04-21","Onion","27","Maharashtra","2494","Pune(Pimpri)","Maharashtra","521","Pune","1.8"
"2024-04-20","Onion","27","Maharashtra","2495","Pune(Khadiki)","Maharashtra","521","Pune","0.8"
"2024-04-20","Onion","27","Maharashtra","2494","Pune(Pimpri)","Maharashtra","521","Pune","2.3"
"2024-04-20","Onion","27","Maharashtra","4752","Pune(Moshi)","Maharashtra","521","Pune","34.2"
"2024-04-19","Onion","27","Maharashtra","3958","Junnar(Alephata)","Maharashtra","521","Pune","869.1"
"2024-04-19","Onion","27","Maharashtra","172","Pune","Maharashtra","521","Pune","1273"
"2024-04-19","Onion","27","Maharashtra","4751","Pune(Manjri)","Maharashtra","521","Pune","8"
"2024-04-19","Onion","27","Maharashtra","2493","Khed(Chakan)","Maharashtra","521","Pune","10"
"2024-04-19","Onion","27","Maharashtra","1171","Indapur","Maharashtra","521","Pune","35.5"
"2024-04-19","Onion","27","Maharashtra","2495","Pune(Khadiki)","Maharashtra","521","Pune","3.9"
"2024-04-19","Onion","27","Maharashtra","4752","Pune(Moshi)","Maharashtra","521","Pune","28.5"
"2024-04-19","Onion","27","Maharashtra","3960","Junnar(Narayangaon)","Maharashtra","521","Pune","2"
"2024-04-19","Onion","27","Maharashtra","2494","Pune(Pimpri)","Maharashtra","521","Pune","2.6"
"2024-04-16","Onion","27","Maharashtra","2494","Pune(Pimpri)","Maharashtra","521","Pune","0.6"
"2024-04-16","Onion","27","Maharashtra","172","Pune","Maharashtra","521","Pune","1238.2"
"2024-04-15","Onion","27","Maharashtra","4752","Pune(Moshi)","Maharashtra","521","Pune","46.4"
"2024-04-15","Onion","27","Maharashtra","172","Pune","Maharashtra","521","Pune","883.2"
"2024-04-15","Onion","27","Maharashtra","576","Baramati","Maharashtra","521","Pune","69.2"
"2024-04-15","Onion","27","Maharashtra","4751","Pune(Manjri)","Maharashtra","521","Pune","9.2"
"2024-04-15","Onion","27","Maharashtra","3960","Junnar(Narayangaon)","Maharashtra","521","Pune","2.6"
"2024-04-15","Onion","27","Maharashtra","2495","Pune(Khadiki)","Maharashtra","521","Pune","2.6"
"2024-04-15","Onion","27","Maharashtra","2494","Pune(Pimpri)","Maharashtra","521","Pune","0.6"
"2024-04-14","Onion","27","Maharashtra","4752","Pune(Moshi)","Maharashtra","521","Pune","78.5"
"2024-04-14","Onion","27","Maharashtra","3958","Junnar(Alephata)","Maharashtra","521","Pune","651.8"
"2024-04-14","Onion","27","Maharashtra","172","Pune","Maharashtra","521","Pune","1786.1"
"2024-04-14","Onion","27","Maharashtra","2494","Pune(Pimpri)","Maharashtra","521","Pune","2.8"
"2024-04-14","Onion","27","Maharashtra","2495","Pune(Khadiki)","Maharashtra","521","Pune","3.2"
"2024-04-13","Onion","27","Maharashtra","4752","Pune(Moshi)","Maharashtra","521","Pune","49.5"
"2024-04-13","Onion","27","Maharashtra","2494","Pune(Pimpri)","Maharashtra","521","Pune","1.9"
"2024-04-13","Onion","27","Maharashtra","2495","Pune(Khadiki)","Maharashtra","521","Pune","1.3"
"2024-04-13","Onion","27","Maharashtra","576","Baramati","Maharashtra","521","Pune","98.6"
"2024-04-13","Onion","27","Maharashtra","3960","Junnar(Narayangaon)","Maharashtra","521","Pune","4.5"
"2024-04-13","Onion","27","Maharashtra","4751","Pune(Manjri)","Maharashtra","521","Pune","11.4"
"2024-04-12","Onion","27","Maharashtra","2495","Pune(Khadiki)","Maharashtra","521","Pune","2.2"
"2024-04-09","Onion","27","Maharashtra","3958","Junnar(Alephata)","Maharashtra","521","Pune","820.1"
"2024-04-09","Onion","27","Maharashtra","2494","Pune(Pimpri)","Maharashtra","521","Pune","0.5"
"2024-04-09","Onion","27","Maharashtra","4752","Pune(Moshi)","Maharashtra","521","Pune","27.3"
"2024-04-09","Onion","27","Maharashtra","172","Pune","Maharashtra","521","Pune","1175"
"2024-04-08","Onion","27","Maharashtra","172","Pune","Maharashtra","521","Pune","1470.6"
"2024-04-08","Onion","27","Maharashtra","2495","Pune(Khadiki)","Maharashtra","521","Pune","2.2"
"2024-04-08","Onion","27","Maharashtra","576","Baramati","Maharashtra","521","Pune","84"
"2024-04-08","Onion","27","Maharashtra","3960","Junnar(Narayangaon)","Maharashtra","521","Pune","6.2"
"2024-04-08","Onion","27","Maharashtra","2494","Pune(Pimpri)","Maharashtra","521","Pune","0.9"
"2024-04-08","Onion","27","Maharashtra","4752","Pune(Moshi)","Maharashtra","521","Pune","83.1"
"2024-04-08","Onion","27","Maharashtra","1171","Indapur","Maharashtra","521","Pune","445"
"2024-04-08","Onion","27","Maharashtra","4751","Pune(Manjri)","Maharashtra","521","Pune","9.7"
"2024-04-07","Onion","27","Maharashtra","3960","Junnar(Narayangaon)","Maharashtra","521","Pune","0.8"
"2024-04-07","Onion","27","Maharashtra","172","Pune","Maharashtra","521","Pune","1912.6"
"2024-04-07","Onion","27","Maharashtra","577","Manchar","Maharashtra","521","Pune","1039.5"
"2024-04-07","Onion","27","Maharashtra","2492","Junnar(Otur)","Maharashtra","521","Pune","835.7"
"2024-04-07","Onion","27","Maharashtra","2495","Pune(Khadiki)","Maharashtra","521","Pune","1.4"
"2024-04-07","Onion","27","Maharashtra","4752","Pune(Moshi)","Maharashtra","521","Pune","64.5"
"2024-04-07","Onion","27","Maharashtra","1455","Junnar","Maharashtra","521","Pune","247.5"
"2024-04-07","Onion","27","Maharashtra","3958","Junnar(Alephata)","Maharashtra","521","Pune","737.6"
"2024-04-07","Onion","27","Maharashtra","2494","Pune(Pimpri)","Maharashtra","521","Pune","2.7"
"2024-04-07","Onion","27","Maharashtra","2493","Khed(Chakan)","Maharashtra","521","Pune","15"
"2024-04-07","Onion","27","Maharashtra","4751","Pune(Manjri)","Maharashtra","521","Pune","9.3"
"2024-04-06","Onion","27","Maharashtra","3960","Junnar(Narayangaon)","Maharashtra","521","Pune","4"
"2024-04-06","Onion","27","Maharashtra","4751","Pune(Manjri)","Maharashtra","521","Pune","8.3"
"2024-04-06","Onion","27","Maharashtra","2495","Pune(Khadiki)","Maharashtra","521","Pune","1.7"
"2024-04-06","Onion","27","Maharashtra","4752","Pune(Moshi)","Maharashtra","521","Pune","42.9"
"2024-04-06","Onion","27","Maharashtra","2493","Khed(Chakan)","Maharashtra","521","Pune","1200"
"2024-04-06","Onion","27","Maharashtra","576","Baramati","Maharashtra","521","Pune","85.3"