,,,,,,,Daily Price Arrival Report-07-11-2025 to 28-09-2026 for Maharashtra,,,,,,
State/UT,District,Market,Commodity Group,Commodity,Variety,Grade,Min Price,Max Price,Modal Price,Price Unit,Arrival Quantity,Arrival Unit,Arrival Date
Maharashtra,Thane,APMC Kalyan ,Vegetables,Potato,Other,Local,"1,000.00","1,600.00","1,300.00",Rs./Quintal,0.30,Metric Tonnes,15-09-2026
Maharashtra,Thane,APMC Kalyan ,Vegetables,Potato,Other,Local,900.00,"1,100.00","1,000.00",Rs./Quintal,0.30,Metric Tonnes,08-09-2026
Maharashtra,Thane,APMC Kalyan ,Vegetables,Potato,Other,Local,"1,000.00","1,200.00","1,100.00",Rs./Quintal,0.30,Metric Tonnes,07-09-2026
Maharashtra,Thane,APMC Kalyan ,Vegetables,Potato,Other,Local,"1,000.00","1,200.00","1,100.00",Rs./Quintal,0.30,Metric Tonnes,06-09-2026
Maharashtra,Thane,APMC Kalyan ,Vegetables,Potato,Other,Local,"1,000.00","1,200.00","1,100.00",Rs./Quintal,0.30,Metric Tonnes,04-09-2026
Maharashtra,Thane,APMC Kalyan ,Vegetables,Potato,Other,Local,"1,000.00","1,200.00","1,100.00",Rs./Quintal,0.30,Metric Tonnes,03-09-2026
Maharashtra,Thane,APMC Kalyan ,Vegetables,Potato,Other,Local,"1,000.00","1,200.00","1,100.00",Rs./Quintal,0.30,Metric Tonnes,02-09-2026
Maharashtra,Thane,APMC Kalyan ,Vegetables,Potato,Other,Local,"1,000.00","1,200.00","1,100.00",Rs./Quintal,0.30,Metric Tonnes,01-09-2026
Maharashtra,Thane,APMC Kalyan ,Vegetables,Potato,Other,Local,"1,000.00","1,200.00","1,100.00",Rs./Quintal,0.30,Metric Tonnes,31-08-2026
Maharashtra,Thane,APMC Kalyan ,Vegetables,Potato,Other,Local,"1,000.00","1,200.00","1,100.00",Rs./Quintal,0.30,Metric Tonnes,30-08-2026
Maharashtra,Thane,APMC Kalyan ,Vegetables,Potato,Other,Local,700.00,800.00,750.00,Rs./Quintal,0.30,Metric Tonnes,24-08-2026
Maharashtra,Thane,APMC Kalyan ,Vegetables,Potato,Other,Local,900.00,"1,100.00","1,000.00",Rs./Quintal,0.30,Metric Tonnes,23-08-2026
Maharashtra,Thane,APMC Kalyan ,Vegetables,Potato,Other,Local,"1,000.00","1,200.00","1,100.00",Rs./Quintal,0.30,Metric Tonnes,21-08-2026
Maharashtra,Thane,APMC Kalyan ,Vegetables,Potato,Other,Local,700.00,"8,001.00",750.00,Rs./Quintal,0.30,Metric Tonnes,20-08-2026
Maharashtra,Thane,APMC Kalyan ,Vegetables,Potato,Other,Local,700.00,800.00,750.00,Rs./Quintal,0.30,Metric Tonnes,19-08-2026
Maharashtra,Thane,APMC Kalyan ,Vegetables,Potato,Other,Local,"1,000.00","1,100.00","1,050.00",Rs./Quintal,0.30,Metric Tonnes,18-08-2026
Maharashtra,Thane,APMC Kalyan ,Vegetables,Potato,Other,Local,700.00,800.00,750.00,Rs./Quintal,0.30,Metric Tonnes,17-08-2026
Maharashtra,Thane,APMC Kalyan ,Vegetables,Potato,Other,Local,900.00,"1,000.00",950.00,Rs./Quintal,0.30,Metric Tonnes,16-08-2026
Maharashtra,Thane,APMC Kalyan ,Vegetables,Potato,Other,Local,700.00,800.00,750.00,Rs./Quintal,0.30,Metric Tonnes,14-08-2026
Maharashtra,Thane,APMC Kalyan ,Vegetables,Potato,Other,Local,900.00,"1,000.00",950.00,Rs./Quintal,0.30,Metric Tonnes,13-08-2026
Maharashtra,Thane,APMC Kalyan ,Vegetables,Potato,Other,Local,700.00,800.00,750.00,Rs./Quintal,0.30,Metric Tonnes,12-08-2026
Maharashtra,Thane,APMC Kalyan ,Vegetables,Potato,Other,Local,700.00,800.00,750.00,Rs./Quintal,0.30,Metric Tonnes,11-08-2026
Maharashtra,Thane,APMC Kalyan ,Vegetables,Potato,Other,Local,800.00,"1,300.00","1,050.00",Rs./Quintal,0.30,Metric Tonnes,10-08-2026
Maharashtra,Thane,APMC Kalyan ,Vegetables,Potato,Other,Local,800.00,"1,300.00","1,050.00",Rs./Quintal,0.30,Metric Tonnes,09-08-2026
Maharashtra,Thane,APMC Kalyan ,Vegetables,Potato,Other,Local,800.00,"1,300.00","1,050.00",Rs./Quintal,0.30,Metric Tonnes,06-08-2026
Maharashtra,Thane,APMC Kalyan ,Vegetables,Potato,Other,Local,800.00,"1,300.00","1,050.00",Rs./Quintal,0.30,Metric Tonnes,05-08-2026
Maharashtra,Thane,APMC Kalyan ,Vegetables,Potato,Other,Local,"1,000.00","1,400.00","1,200.00",Rs./Quintal,0.30,Metric Tonnes,04-08-2026
Maharashtra,Thane,APMC Kalyan ,Vegetables,Potato,Other,Local,500.00,800.00,650.00,Rs./Quintal,0.30,Metric Tonnes,03-08-2026
Maharashtra,Thane,APMC Kalyan ,Vegetables,Potato,Other,Local,"1,000.00","1,500.00","1,250.00",Rs./Quintal,0.30,Metric Tonnes,02-08-2026
Maharashtra,Thane,APMC Kalyan ,Vegetables,Potato,Other,Local,"1,000.00","1,200.00","1,100.00",Rs./Quintal,0.30,Metric Tonnes,30-07-2026
Maharashtra,Thane,APMC Kalyan ,Vegetables,Potato,Other,Local,"1,000.00","1,500.00","1,250.00",Rs./Quintal,0.30,Metric Tonnes,29-07-2026
Maharashtra,Thane,APMC Kalyan ,Vegetables,Potato,Other,Local,800.00,"1,200.00","1,000.00",Rs./Quintal,0.30,Metric Tonnes,28-07-2026
Maharashtra,Thane,APMC Kalyan ,Vegetables,Potato,Other,Local,900.00,"1,500.00","1,200.00",Rs./Quintal,0.30,Metric Tonnes,27-07-2026
Maharashtra,Thane,APMC Kalyan ,Vegetables,Potato,Other,Local,"1,000.00","1,200.00","1,100.00",Rs./Quintal,0.30,Metric Tonnes,24-07-2026
Maharashtra,Thane,APMC Kalyan ,Vegetables,Potato,Other,Local,"1,000.00","1,300.00","1,200.00",Rs./Quintal,0.30,Metric Tonnes,23-07-2026
Maharashtra,Thane,APMC Kalyan ,Vegetables,Potato,Other,Local,"1,100.00","1,200.00","1,150.00",Rs./Quintal,0.30,Metric Tonnes,22-07-2026
Maharashtra,Thane,APMC Kalyan ,Vegetables,Potato,Other,Local,"1,100.00","1,200.00","1,150.00",Rs./Quintal,0.30,Metric Tonnes,21-07-2026
Maharashtra,Thane,APMC Kalyan ,Vegetables,Potato,Other,Local,"1,200.00","1,300.00","1,250.00",Rs./Quintal,0.30,Metric Tonnes,20-07-2026
Maharashtra,Thane,APMC Kalyan ,Vegetables,Potato,Other,Local,"1,100.00","1,300.00","1,200.00",Rs./Quintal,0.30,Metric Tonnes,16-07-2026
Maharashtra,Thane,APMC Kalyan ,Vegetables,Potato,Other,Local,"1,100.00","1,300.00","1,200.00",Rs./Quintal,0.30,Metric Tonnes,15-07-2026
Maharashtra,Thane,APMC Kalyan ,Vegetables,Potato,Other,Local,"1,200.00","1,400.00","1,300.00",Rs./Quintal,0.30,Metric Tonnes,14-07-2026
Maharashtra,Thane,APMC Kalyan ,Vegetables,Potato,Other,Local,"1,200.00","1,400.00","1,300.00",Rs./Quintal,0.30,Metric Tonnes,13-07-2026
Maharashtra,Thane,APMC Kalyan ,Vegetables,Potato,Other,Local,"1,200.00","1,400.00","1,300.00",Rs./Quintal,0.30,Metric Tonnes,12-07-2026
Maharashtra,Thane,APMC Kalyan ,Vegetables,Potato,Other,Local,"1,200.00","1,400.00","1,300.00",Rs./Quintal,0.30,Metric Tonnes,10-07-2026
Maharashtra,Thane,APMC Kalyan ,Vegetables,Potato,Other,Local,"1,500.00","1,800.00","1,600.00",Rs./Quintal,0.30,Metric Tonnes,09-07-2026
Maharashtra,Thane,APMC Kalyan ,Vegetables,Potato,Other,Local,"1,500.00","1,800.00","1,600.00",Rs./Quintal,0.30,Metric Tonnes,08-07-2026
Maharashtra,Thane,APMC Kalyan ,Vegetables,Potato,Other,Local,"1,200.00","1,300.00","1,250.00",Rs./Quintal,0.30,Metric Tonnes,07-07-2026
Maharashtra,Thane,APMC Kalyan ,Vegetables,Potato,Other,Local,"1,200.00","1,300.00","1,250.00",Rs./Quintal,0.30,Metric Tonnes,06-07-2026
Maharashtra,Thane,APMC Kalyan ,Vegetables,Potato,Other,Local,"1,200.00","1,300.00","1,250.00",Rs./Quintal,0.30,Metric Tonnes,03-07-2026
Maharashtra,Thane,APMC Kalyan ,Vegetables,Potato,Other,Local,"1,100.00","1,200.00","1,150.00",Rs./Quintal,0.30,Metric Tonnes,02-07-2026
Maharashtra,Thane,APMC Kalyan ,Vegetables,Potato,Other,Local,"1,200.00","1,300.00","1,250.00",Rs./Quintal,0.30,Metric Tonnes,01-07-2026
Maharashtra,Thane,APMC Kalyan ,Vegetables,Potato,Other,FAQ,"1,200.00","1,300.00","1,250.00",Rs./Quintal,0.30,Metric Tonnes,30-06-2026
Maharashtra,Thane,APMC Kalyan ,Vegetables,Potato,Other,Local,"1,600.00","2,000.00","1,800.00",Rs./Quintal,0.30,Metric Tonnes,29-06-2026
Maharashtra,Thane,APMC Kalyan ,Vegetables,Potato,Other,Local,"1,500.00","2,000.00","1,750.00",Rs./Quintal,0.30,Metric Tonnes,28-06-2026
Maharashtra,Thane,APMC Kalyan ,Vegetables,Potato,Other,Local,900.00,"1,000.00",950.00,Rs./Quintal,0.30,Metric Tonnes,24-06-2026
Maharashtra,Thane,APMC Kalyan ,Vegetables,Potato,Other,Local,"1,000.00","1,100.00","1,050.00",Rs./Quintal,0.30,Metric Tonnes,23-06-2026
Maharashtra,Thane,APMC Kalyan ,Vegetables,Potato,Other,Local,"1,100.00","1,200.00","1,150.00",Rs./Quintal,0.30,Metric Tonnes,18-06-2026
Maharashtra,Thane,APMC Kalyan ,Vegetables,Potato,Other,Local,900.00,"1,200.00","1,050.00",Rs./Quintal,0.30,Metric Tonnes,16-06-2026
Maharashtra,Thane,APMC Kalyan ,Vegetables,Potato,Other,Local,800.00,900.00,850.00,Rs./Quintal,0.30,Metric Tonnes,11-06-2026
Maharashtra,Thane,APMC Kalyan ,Vegetables,Potato,Other,Local,"1,400.00","1,500.00","1,450.00",Rs./Quintal,0.30,Metric Tonnes,10-06-2026
Maharashtra,Thane,APMC Kalyan ,Vegetables,Potato,Other,Local,"1,200.00","1,300.00","1,250.00",Rs./Quintal,0.30,Metric Tonnes,05-06-2026
Maharashtra,Thane,APMC Kalyan ,Vegetables,Potato,Other,Local,"1,000.00","1,200.00","1,100.00",Rs./Quintal,0.30,Metric Tonnes,04-06-2026
Maharashtra,Thane,APMC Kalyan ,Vegetables,Potato,Other,Local,"1,200.00","1,300.00","1,250.00",Rs./Quintal,0.30,Metric Tonnes,27-05-2026
Maharashtra,Thane,APMC Kalyan ,Vegetables,Potato,Other,Local,"1,200.00","1,300.00","1,250.00",Rs./Quintal,0.30,Metric Tonnes,26-05-2026
Maharashtra,Thane,APMC Kalyan ,Vegetables,Potato,Other,Local,"1,200.00","1,300.00","1,250.00",Rs./Quintal,0.30,Metric Tonnes,25-05-2026
Maharashtra,Thane,APMC Kalyan ,Vegetables,Potato,Other,Local,"1,200.00","1,400.00","1,300.00",Rs./Quintal,0.30,Metric Tonnes,22-05-2026
Maharashtra,Thane,APMC Kalyan ,Vegetables,Potato,Other,Local,"1,100.00","1,300.00","1,200.00",Rs./Quintal,0.30,Metric Tonnes,21-05-2026
Maharashtra,Thane,APMC Kalyan ,Vegetables,Potato,Other,Local,"1,000.00","1,300.00","1,150.00",Rs./Quintal,0.30,Metric Tonnes,20-05-2026
Maharashtra,Thane,APMC Kalyan ,Vegetables,Potato,Other,Local,900.00,"1,000.00",950.00,Rs./Quintal,0.30,Metric Tonnes,19-05-2026
Maharashtra,Thane,APMC Kalyan ,Vegetables,Potato,Other,Local,800.00,"1,000.00",900.00,Rs./Quintal,0.30,Metric Tonnes,18-05-2026
Maharashtra,Thane,APMC Kalyan ,Vegetables,Potato,Other,Local,800.00,"1,000.00",900.00,Rs./Quintal,0.30,Metric Tonnes,15-05-2026
Maharashtra,Thane,APMC Kalyan ,Vegetables,Potato,Other,Local,800.00,"1,200.00","1,150.00",Rs./Quintal,0.30,Metric Tonnes,14-05-2026
Maharashtra,Thane,APMC Kalyan ,Vegetables,Potato,Other,Local,"1,100.00","1,200.00","1,150.00",Rs./Quintal,0.30,Metric Tonnes,13-05-2026
Maharashtra,Thane,APMC Kalyan ,Vegetables,Potato,Other,Local,800.00,"1,100.00",950.00,Rs./Quintal,0.30,Metric Tonnes,12-05-2026
Maharashtra,Thane,APMC Kalyan ,Vegetables,Potato,Other,Local,500.00,800.00,650.00,Rs./Quintal,0.30,Metric Tonnes,10-05-2026
Maharashtra,Thane,APMC Kalyan ,Vegetables,Potato,Other,Local,600.00,900.00,750.00,Rs./Quintal,0.30,Metric Tonnes,08-05-2026
Maharashtra,Thane,APMC Kalyan ,Vegetables,Potato,Other,Local,600.00,800.00,700.00,Rs./Quintal,0.30,Metric Tonnes,07-05-2026
Maharashtra,Thane,APMC Kalyan ,Vegetables,Potato,Other,Local,600.00,900.00,750.00,Rs./Quintal,0.30,Metric Tonnes,06-05-2026
Maharashtra,Thane,APMC Kalyan ,Vegetables,Potato,Other,Local,"1,000.00","1,400.00","1,200.00",Rs./Quintal,0.30,Metric Tonnes,30-04-2026
Maharashtra,Thane,APMC Kalyan ,Vegetables,Potato,Other,Local,600.00,900.00,800.00,Rs./Quintal,0.30,Metric Tonnes,29-04-2026
Maharashtra,Thane,APMC Kalyan ,Vegetables,Potato,Other,Local,600.00,900.00,750.00,Rs./Quintal,0.30,Metric Tonnes,28-04-2026
Maharashtra,Thane,APMC Kalyan ,Vegetables,Potato,Other,Local,900.00,"1,000.00",950.00,Rs./Quintal,0.30,Metric Tonnes,26-04-2026
Maharashtra,Thane,APMC Kalyan ,Vegetables,Potato,Other,Local,"1,200.00","1,400.00","1,300.00",Rs./Quintal,0.30,Metric Tonnes,24-04-2026
Maharashtra,Thane,APMC Kalyan ,Vegetables,Potato,Other,Local,"1,200.00","1,400.00","1,300.00",Rs./Quintal,0.30,Metric Tonnes,23-04-2026
Maharashtra,Thane,APMC Kalyan ,Vegetables,Potato,Other,Local,"1,200.00","1,400.00","1,300.00",Rs./Quintal,0.30,Metric Tonnes,22-04-2026
Maharashtra,Thane,APMC Kalyan ,Vegetables,Potato,Other,Local,"1,200.00","1,400.00","1,300.00",Rs./Quintal,0.30,Metric Tonnes,21-04-2026
Maharashtra,Thane,APMC Kalyan ,Vegetables,Potato,Other,Local,"1,200.00","1,500.00","1,350.00",Rs./Quintal,0.30,Metric Tonnes,20-04-2026
Maharashtra,Thane,APMC Kalyan ,Vegetables,Potato,Other,Local,"1,200.00","1,500.00","1,350.00",Rs./Quintal,0.30,Metric Tonnes,19-04-2026
Maharashtra,Thane,APMC Kalyan ,Vegetables,Potato,Other,Local,"1,000.00","1,200.00","1,100.00",Rs./Quintal,0.30,Metric Tonnes,17-04-2026
Maharashtra,Thane,APMC Kalyan ,Vegetables,Potato,Other,Local,"1,000.00","1,200.00","1,100.00",Rs./Quintal,0.30,Metric Tonnes,16-04-2026
Maharashtra,Thane,APMC Kalyan ,Vegetables,Potato,Other,Local,800.00,900.00,850.00,Rs./Quintal,0.30,Metric Tonnes,15-04-2026
Maharashtra,Thane,APMC Kalyan ,Vegetables,Potato,Other,Local,"1,000.00","1,300.00","1,150.00",Rs./Quintal,0.30,Metric Tonnes,09-04-2026
Maharashtra,Thane,APMC Kalyan ,Vegetables,Potato,Other,Local,"1,000.00","1,300.00","1,150.00",Rs./Quintal,0.30,Metric Tonnes,08-04-2026
Maharashtra,Thane,APMC Kalyan ,Vegetables,Potato,Other,Local,800.00,"1,000.00",900.00,Rs./Quintal,0.30,Metric Tonnes,07-04-2026
Maharashtra,Thane,APMC Kalyan ,Vegetables,Potato,Other,Local,"1,000.00","1,300.00","1,150.00",Rs./Quintal,0.30,Metric Tonnes,01-04-2026
Maharashtra,Thane,APMC Kalyan ,Vegetables,Potato,Other,Local,"1,000.00","1,300.00","1,150.00",Rs./Quintal,0.30,Metric Tonnes,31-03-2026
Maharashtra,Thane,APMC Kalyan ,Vegetables,Potato,Other,Local,"1,200.00","1,600.00","1,400.00",Rs./Quintal,0.30,Metric Tonnes,30-03-2026
Maharashtra,Thane,APMC Kalyan ,Vegetables,Potato,Other,Local,"1,200.00","1,600.00","1,400.00",Rs./Quintal,0.30,Metric Tonnes,29-03-2026
Maharashtra,Thane,APMC Kalyan ,Vegetables,Potato,Other,Local,"1,400.00","1,800.00","1,600.00",Rs./Quintal,0.30,Metric Tonnes,27-03-2026
Maharashtra,Thane,APMC Kalyan ,Vegetables,Potato,Other,Local,"1,000.00","1,500.00","1,250.00",Rs./Quintal,0.30,Metric Tonnes,26-03-2026
Maharashtra,Thane,APMC Kalyan ,Vegetables,Potato,Other,Local,800.00,"1,000.00",900.00,Rs./Quintal,0.30,Metric Tonnes,24-03-2026
Maharashtra,Thane,APMC Kalyan ,Vegetables,Potato,Other,Local,800.00,"1,000.00",900.00,Rs./Quintal,0.30,Metric Tonnes,23-03-2026
Maharashtra,Thane,APMC Kalyan ,Vegetables,Potato,Other,Local,"1,000.00","1,500.00","1,250.00",Rs./Quintal,0.30,Metric Tonnes,22-03-2026
Maharashtra,Thane,APMC Kalyan ,Vegetables,Potato,Other,Local,"1,000.00","1,500.00","1,250.00",Rs./Quintal,0.30,Metric Tonnes,20-03-2026
Maharashtra,Thane,APMC Kalyan ,Vegetables,Potato,Other,Local,"1,000.00","1,500.00","1,250.00",Rs./Quintal,0.30,Metric Tonnes,19-03-2026
Maharashtra,Thane,APMC Kalyan ,Vegetables,Potato,Other,Local,"1,000.00","1,400.00","1,200.00",Rs./Quintal,0.30,Metric Tonnes,18-03-2026
Maharashtra,Thane,APMC Kalyan ,Vegetables,Potato,Other,Local,"1,000.00","1,400.00","1,200.00",Rs./Quintal,0.30,Metric Tonnes,17-03-2026
Maharashtra,Thane,APMC Kalyan ,Vegetables,Potato,Other,Local,"1,000.00","1,400.00","1,200.00",Rs./Quintal,0.30,Metric Tonnes,16-03-2026
Maharashtra,Thane,APMC Kalyan ,Vegetables,Potato,Other,Local,"1,000.00","1,400.00","1,200.00",Rs./Quintal,0.30,Metric Tonnes,13-03-2026
Maharashtra,Thane,APMC Kalyan ,Vegetables,Potato,Other,Local,"1,000.00","1,400.00","1,200.00",Rs./Quintal,0.30,Metric Tonnes,12-03-2026
Maharashtra,Thane,APMC Kalyan ,Vegetables,Potato,Other,Local,"1,000.00","1,400.00","1,200.00",Rs./Quintal,0.30,Metric Tonnes,11-03-2026
Maharashtra,Thane,APMC Kalyan ,Vegetables,Potato,Other,Local,"1,000.00","1,200.00","1,100.00",Rs./Quintal,0.30,Metric Tonnes,10-03-2026
Maharashtra,Thane,APMC Kalyan ,Vegetables,Potato,Other,Local,800.00,900.00,850.00,Rs./Quintal,0.30,Metric Tonnes,09-03-2026
Maharashtra,Thane,APMC Kalyan ,Vegetables,Potato,Other,Local,900.00,"1,000.00",950.00,Rs./Quintal,0.30,Metric Tonnes,08-03-2026
Maharashtra,Thane,APMC Kalyan ,Vegetables,Potato,Other,Local,"1,000.00","1,200.00","1,100.00",Rs./Quintal,0.30,Metric Tonnes,06-03-2026
Maharashtra,Thane,APMC Kalyan ,Vegetables,Potato,Other,Local,"1,100.00","1,200.00","1,150.00",Rs./Quintal,0.30,Metric Tonnes,05-03-2026
Maharashtra,Thane,APMC Kalyan ,Vegetables,Potato,Other,Local,"1,100.00","1,200.00","1,150.00",Rs./Quintal,0.30,Metric Tonnes,04-03-2026
Maharashtra,Thane,APMC Kalyan ,Vegetables,Potato,Other,Local,"1,100.00","1,200.00","1,150.00",Rs./Quintal,0.30,Metric Tonnes,03-03-2026
Maharashtra,Thane,APMC Kalyan ,Vegetables,Potato,Other,Local,800.00,"1,000.00",900.00,Rs./Quintal,0.30,Metric Tonnes,02-03-2026
Maharashtra,Thane,APMC Kalyan ,Vegetables,Potato,Other,Local,800.00,900.00,850.00,Rs./Quintal,0.30,Metric Tonnes,01-03-2026
Maharashtra,Thane,APMC Kalyan ,Vegetables,Potato,Other,Local,800.00,"1,000.00",900.00,Rs./Quintal,0.30,Metric Tonnes,27-02-2026
Maharashtra,Thane,APMC Kalyan ,Vegetables,Potato,Other,Local,"1,100.00","1,200.00","1,150.00",Rs./Quintal,1.30,Metric Tonnes,26-02-2026
Maharashtra,Thane,APMC Kalyan ,Vegetables,Potato,Other,Local,800.00,"1,000.00",900.00,Rs./Quintal,0.30,Metric Tonnes,25-02-2026
Maharashtra,Thane,APMC Kalyan ,Vegetables,Potato,Other,Local,500.00,700.00,600.00,Rs./Quintal,0.30,Metric Tonnes,24-02-2026
Maharashtra,Thane,APMC Kalyan ,Vegetables,Potato,Other,Local,"1,000.00","1,400.00","1,200.00",Rs./Quintal,0.30,Metric Tonnes,23-02-2026
Maharashtra,Thane,APMC Kalyan ,Vegetables,Potato,Other,Local,800.00,"1,000.00",900.00,Rs./Quintal,0.30,Metric Tonnes,22-02-2026
Maharashtra,Thane,APMC Kalyan ,Vegetables,Potato,Other,Local,"1,000.00","1,400.00","1,200.00",Rs./Quintal,0.30,Metric Tonnes,20-02-2026
Maharashtra,Thane,APMC Kalyan ,Vegetables,Potato,Other,Local,800.00,"1,000.00",900.00,Rs./Quintal,0.30,Metric Tonnes,19-02-2026
Maharashtra,Thane,APMC Kalyan ,Vegetables,Potato,Other,Local,"1,000.00","1,100.00","1,000.00",Rs./Quintal,0.30,Metric Tonnes,17-02-2026
Maharashtra,Thane,APMC Kalyan ,Vegetables,Potato,Other,Local,800.00,900.00,850.00,Rs./Quintal,0.30,Metric Tonnes,16-02-2026
Maharashtra,Thane,APMC Kalyan ,Vegetables,Potato,Other,Local,800.00,"1,000.00",900.00,Rs./Quintal,0.30,Metric Tonnes,13-02-2026
Maharashtra,Thane,APMC Kalyan ,Vegetables,Potato,Other,Local,"1,000.00","1,400.00","1,200.00",Rs./Quintal,0.30,Metric Tonnes,12-02-2026
Maharashtra,Thane,APMC Kalyan ,Vegetables,Potato,Other,Local,"1,000.00","1,400.00","1,200.00",Rs./Quintal,0.30,Metric Tonnes,11-02-2026
Maharashtra,Thane,APMC Kalyan ,Vegetables,Potato,Other,Local,800.00,900.00,850.00,Rs./Quintal,0.30,Metric Tonnes,10-02-2026
Maharashtra,Thane,APMC Kalyan ,Vegetables,Potato,Other,Local,500.00,"1,000.00",750.00,Rs./Quintal,0.30,Metric Tonnes,09-02-2026
Maharashtra,Thane,APMC Kalyan ,Vegetables,Potato,Other,Local,500.00,"1,000.00",750.00,Rs./Quintal,0.30,Metric Tonnes,08-02-2026
Maharashtra,Thane,APMC Kalyan ,Vegetables,Potato,Other,Local,500.00,"1,000.00",750.00,Rs./Quintal,0.30,Metric Tonnes,06-02-2026
Maharashtra,Thane,APMC Kalyan ,Vegetables,Potato,Other,Local,500.00,"1,000.00",750.00,Rs./Quintal,0.30,Metric Tonnes,05-02-2026
Maharashtra,Thane,APMC Kalyan ,Vegetables,Potato,Other,Local,500.00,"1,000.00",750.00,Rs./Quintal,0.30,Metric Tonnes,04-02-2026
Maharashtra,Thane,APMC Kalyan ,Vegetables,Potato,Other,Local,"1,100.00","1,200.00","1,150.00",Rs./Quintal,0.30,Metric Tonnes,03-02-2026
Maharashtra,Thane,APMC Kalyan ,Vegetables,Potato,Other,Local,800.00,900.00,850.00,Rs./Quintal,0.30,Metric Tonnes,02-02-2026
Maharashtra,Thane,APMC Kalyan ,Vegetables,Potato,Other,Local,700.00,800.00,750.00,Rs./Quintal,0.30,Metric Tonnes,01-02-2026
Maharashtra,Thane,APMC Kalyan ,Vegetables,Potato,Other,Local,600.00,700.00,650.00,Rs./Quintal,0.30,Metric Tonnes,30-01-2026
Maharashtra,Thane,APMC Kalyan ,Vegetables,Potato,Other,Local,700.00,800.00,750.00,Rs./Quintal,0.30,Metric Tonnes,29-01-2026
Maharashtra,Thane,APMC Kalyan ,Vegetables,Potato,Other,Local,700.00,800.00,750.00,Rs./Quintal,0.30,Metric Tonnes,28-01-2026
Maharashtra,Thane,APMC Kalyan ,Vegetables,Potato,Other,Local,"1,100.00","1,200.00","1,150.00",Rs./Quintal,0.30,Metric Tonnes,27-01-2026
Maharashtra,Thane,APMC Kalyan ,Vegetables,Potato,Other,Local,800.00,900.00,850.00,Rs./Quintal,0.30,Metric Tonnes,26-01-2026
Maharashtra,Thane,APMC Kalyan ,Vegetables,Potato,Other,Local,"1,000.00","1,200.00","1,100.00",Rs./Quintal,0.30,Metric Tonnes,22-01-2026
Maharashtra,Thane,APMC Kalyan ,Vegetables,Potato,Other,Local,800.00,900.00,850.00,Rs./Quintal,0.30,Metric Tonnes,21-01-2026
Maharashtra,Thane,APMC Kalyan ,Vegetables,Potato,Other,Local,"1,100.00","1,200.00","1,150.00",Rs./Quintal,0.30,Metric Tonnes,16-01-2026
Maharashtra,Thane,APMC Kalyan ,Vegetables,Potato,Other,Local,700.00,"1,000.00",850.00,Rs./Quintal,0.30,Metric Tonnes,15-01-2026
Maharashtra,Thane,APMC Kalyan ,Vegetables,Potato,Other,Local,800.00,"1,000.00",900.00,Rs./Quintal,0.30,Metric Tonnes,13-01-2026
Maharashtra,Thane,APMC Kalyan ,Vegetables,Potato,Other,Local,"1,100.00","1,200.00","1,150.00",Rs./Quintal,0.30,Metric Tonnes,12-01-2026
Maharashtra,Thane,APMC Kalyan ,Vegetables,Potato,Other,Local,"1,100.00","1,200.00","1,150.00",Rs./Quintal,0.30,Metric Tonnes,11-01-2026
Maharashtra,Thane,APMC Kalyan ,Vegetables,Potato,Other,Local,700.00,900.00,800.00,Rs./Quintal,0.30,Metric Tonnes,09-01-2026
Maharashtra,Thane,APMC Kalyan ,Vegetables,Potato,Other,Local,700.00,900.00,800.00,Rs./Quintal,0.30,Metric Tonnes,08-01-2026
Maharashtra,Thane,APMC Kalyan ,Vegetables,Potato,Other,Local,700.00,800.00,750.00,Rs./Quintal,0.30,Metric Tonnes,07-01-2026
Maharashtra,Thane,APMC Kalyan ,Vegetables,Potato,Other,Local,800.00,"1,000.00",900.00,Rs./Quintal,0.30,Metric Tonnes,06-01-2026
Maharashtra,Thane,APMC Kalyan ,Vegetables,Potato,Other,Local,800.00,"1,000.00",900.00,Rs./Quintal,0.30,Metric Tonnes,05-01-2026
Maharashtra,Thane,APMC Kalyan ,Vegetables,Potato,Other,Local,800.00,"1,000.00",900.00,Rs./Quintal,0.30,Metric Tonnes,04-01-2026
Maharashtra,Thane,APMC Kalyan ,Vegetables,Potato,Other,Local,800.00,"1,000.00",900.00,Rs./Quintal,0.30,Metric Tonnes,02-01-2026
Maharashtra,Thane,APMC Kalyan ,Vegetables,Potato,Other,Local,800.00,"1,000.00",900.00,Rs./Quintal,1.30,Metric Tonnes,01-01-2026
Maharashtra,Thane,APMC Kalyan ,Vegetables,Potato,Other,Local,800.00,"1,000.00",900.00,Rs./Quintal,0.30,Metric Tonnes,31-12-2025
Maharashtra,Thane,APMC Kalyan ,Vegetables,Potato,Other,Local,"1,200.00","1,400.00","1,300.00",Rs./Quintal,0.30,Metric Tonnes,30-12-2025
Maharashtra,Thane,APMC Kalyan ,Vegetables,Potato,Other,Local,800.00,"1,000.00",900.00,Rs./Quintal,0.30,Metric Tonnes,29-12-2025
Maharashtra,Thane,APMC Kalyan ,Vegetables,Potato,Other,Local,700.00,900.00,800.00,Rs./Quintal,0.30,Metric Tonnes,28-12-2025
Maharashtra,Thane,APMC Kalyan ,Vegetables,Potato,Other,Local,800.00,900.00,850.00,Rs./Quintal,0.30,Metric Tonnes,25-12-2025
Maharashtra,Thane,APMC Kalyan ,Vegetables,Potato,Other,Local,"1,200.00","1,400.00","1,300.00",Rs./Quintal,0.30,Metric Tonnes,22-12-2025
Maharashtra,Thane,APMC Kalyan ,Vegetables,Potato,Other,Local,800.00,"1,000.00",900.00,Rs./Quintal,0.30,Metric Tonnes,21-12-2025
Maharashtra,Thane,APMC Kalyan ,Vegetables,Potato,Other,Local,800.00,"1,100.00",950.00,Rs./Quintal,0.30,Metric Tonnes,19-12-2025
Maharashtra,Thane,APMC Kalyan ,Vegetables,Potato,Other,Local,"1,600.00","1,700.00","1,650.00",Rs./Quintal,0.30,Metric Tonnes,18-12-2025
Maharashtra,Thane,APMC Kalyan ,Vegetables,Potato,Other,Local,"1,200.00","1,400.00","1,300.00",Rs./Quintal,0.30,Metric Tonnes,17-12-2025
Maharashtra,Thane,APMC Kalyan ,Vegetables,Potato,Other,Local,800.00,"1,100.00",950.00,Rs./Quintal,0.30,Metric Tonnes,16-12-2025
Maharashtra,Thane,APMC Kalyan ,Vegetables,Potato,Other,Local,"1,100.00","1,200.00","1,150.00",Rs./Quintal,0.30,Metric Tonnes,11-12-2025
Maharashtra,Thane,APMC Kalyan ,Vegetables,Potato,Other,Local,"1,100.00","1,200.00","1,150.00",Rs./Quintal,0.30,Metric Tonnes,10-12-2025
Maharashtra,Thane,APMC Kalyan ,Vegetables,Potato,Other,Local,"1,100.00","1,200.00","1,150.00",Rs./Quintal,0.30,Metric Tonnes,09-12-2025
Maharashtra,Thane,APMC Kalyan ,Vegetables,Potato,Other,Local,"1,400.00","1,500.00","1,450.00",Rs./Quintal,0.30,Metric Tonnes,08-12-2025
Maharashtra,Thane,APMC Kalyan ,Vegetables,Potato,Other,Local,"1,400.00","1,700.00","1,550.00",Rs./Quintal,0.30,Metric Tonnes,04-12-2025
Maharashtra,Thane,APMC Kalyan ,Vegetables,Potato,Other,Local,"1,000.00","1,200.00","1,100.00",Rs./Quintal,0.30,Metric Tonnes,01-12-2025
Maharashtra,Thane,APMC Kalyan ,Vegetables,Potato,Other,Local,"1,200.00","1,400.00","1,300.00",Rs./Quintal,0.30,Metric Tonnes,30-11-2025
Maharashtra,Thane,APMC Kalyan ,Vegetables,Potato,Other,Local,"1,200.00","1,400.00","1,300.00",Rs./Quintal,0.30,Metric Tonnes,21-11-2025
Maharashtra,Thane,APMC Kalyan ,Vegetables,Potato,Other,Local,"1,200.00","1,300.00","1,250.00",Rs./Quintal,0.30,Metric Tonnes,20-11-2025
Maharashtra,Thane,APMC Kalyan ,Vegetables,Potato,Other,Local,"1,400.00","1,500.00","1,450.00",Rs./Quintal,0.30,Metric Tonnes,19-11-2025
Maharashtra,Thane,APMC Kalyan ,Vegetables,Potato,Other,Local,"1,700.00","2,000.00","1,850.00",Rs./Quintal,0.30,Metric Tonnes,18-11-2025
Maharashtra,Thane,APMC Kalyan ,Vegetables,Potato,Other,Local,"1,400.00","1,500.00","1,450.00",Rs./Quintal,0.30,Metric Tonnes,17-11-2025
Maharashtra,Thane,APMC Kalyan ,Vegetables,Potato,Other,Local,"1,500.00","1,700.00","1,600.00",Rs./Quintal,0.30,Metric Tonnes,16-11-2025
Maharashtra,Thane,APMC Kalyan ,Vegetables,Potato,Other,Local,"1,400.00","1,500.00","1,450.00",Rs./Quintal,0.30,Metric Tonnes,11-11-2025
Maharashtra,Thane,APMC Kalyan ,Vegetables,Potato,Other,Local,"1,400.00","1,500.00","1,450.00",Rs./Quintal,0.30,Metric Tonnes,10-11-2025
Maharashtra,Thane,APMC Kalyan ,Vegetables,Potato,Other,Local,"2,000.00","3,000.00","2,500.00",Rs./Quintal,0.30,Metric Tonnes,07-11-2025

