district,crop,month,price,method,data_source,history_months,history_mean,same_month_mean,last_3m_mean
Pune,Onion,2025-10,2111.2,same_month_average,real,129,1569.0,2111.2,1194.6
Pune,Onion,2025-11,1302.7,sarimax,real,129,1569.0,2672.4,1194.6
Pune,Onion,2025-12,1258.5,sarimax,real,129,1569.0,2287.9,1194.6
Pune,Onion,2026-01,1187.6,sarimax,real,129,1569.0,1652.6,1194.6
Pune,Onion,2026-02,1212.4,sarimax,real,129,1569.0,1447.8,1194.6
Pune,Onion,2026-03,1153.8,sarimax,real,129,1569.0,1081.2,1194.6
Pune,Onion,2026-04,1083.3,sarimax,real,129,1569.0,888.4,1194.6
Pune,Onion,2026-05,1088.2,sarimax,real,129,1569.0,888.2,1194.6
Pune,Onion,2026-06,1149.6,sarimax,real,129,1569.0,1168.4,1194.6
Pune,Onion,2026-07,1164.1,sarimax,real,129,1569.0,1301.7,1194.6
Pune,Onion,2026-08,1170.4,sarimax,real,129,1569.0,1688.0,1194.6
Pune,Onion,2026-09,1157.5,sarimax,real,129,1569.0,1871.4,1194.6
Pune,Onion,2026-10,1173.3,sarimax,real,129,1569.0,2111.2,1194.6
Pune,Onion,2026-11,1211.8,sarimax,real,129,1569.0,2672.4,1194.6
Pune,Onion,2026-12,1210.0,sarimax,real,129,1569.0,2287.9,1194.6
Pune,Onion,2027-01,1200.5,sarimax,real,129,1569.0,1652.6,1194.6
Pune,Onion,2027-02,1212.6,sarimax,real,129,1569.0,1447.8,1194.6
Pune,Onion,2027-03,1203.8,sarimax,real,129,1569.0,1081.2,1194.6
Pune,Onion,2027-04,1190.6,sarimax,real,129,1569.0,888.4,1194.6
Pune,Tomato,2025-10,1761.6,same_month_average,real,130,1486.7,1761.6,1887.0
Pune,Tomato,2025-11,1415.0,sarimax,real,130,1486.7,1847.0,1887.0
Pune,Tomato,2025-12,1361.0,sarimax,real,130,1486.7,1387.5,1887.0
Pune,Tomato,2026-01,1321.3,sarimax,real,130,1486.7,1181.5,1887.0
Pune,Tomato,2026-02,1301.8,sarimax,real,130,1486.7,1014.6,1887.0
Pune,Tomato,2026-03,1289.9,sarimax,real,130,1486.7,979.4,1887.0
Pune,Tomato,2026-04,1283.2,sarimax,real,130,1486.7,935.5,1887.0
Pune,Tomato,2026-05,1283.6,sarimax,real,130,1486.7,1248.9,1887.0
Pune,Tomato,2026-06,1283.0,sarimax,real,130,1486.7,2011.9,1887.0
Pune,Tomato,2026-07,1282.8,sarimax,real,130,1486.7,2467.9,1887.0
Pune,Tomato,2026-08,1286.6,sarimax,real,130,1486.7,1792.3,1887.0
Pune,Tomato,2026-09,1276.8,sarimax,real,130,1486.7,1236.0,1887.0
Pune,Tomato,2026-10,1277.6,sarimax,real,130,1486.7,1761.6,1887.0
Pune,Tomato,2026-11,1276.5,sarimax,real,130,1486.7,1847.0,1887.0
Pune,Tomato,2026-12,1275.9,sarimax,real,130,1486.7,1387.5,1887.0
Pune,Tomato,2027-01,1275.4,sarimax,real,130,1486.7,1181.5,1887.0
Pune,Tomato,2027-02,1275.2,sarimax,real,130,1486.7,1014.6,1887.0
Pune,Tomato,2027-03,1275.0,sarimax,real,130,1486.7,979.4,1887.0
Pune,Tomato,2027-04,1274.9,sarimax,real,130,1486.7,935.5,1887.0
Pune,Potato,2025-10,1515.2,same_month_average,real,130,1356.8,1515.2,1441.7
Pune,Potato,2025-11,1486.5,sarimax,real,130,1356.8,1598.0,1441.7
Pune,Potato,2025-12,1452.5,sarimax,real,130,1356.8,1347.4,1441.7
Pune,Potato,2026-01,1421.4,sarimax,real,130,1356.8,1209.3,1441.7
Pune,Potato,2026-02,1406.8,sarimax,real,130,1356.8,1064.4,1441.7
Pune,Potato,2026-03,1398.9,sarimax,real,130,1356.8,1099.4,1441.7
Pune,Potato,2026-04,1391.0,sarimax,real,130,1356.8,1322.9,1441.7
Pune,Potato,2026-05,1396.9,sarimax,real,130,1356.8,1385.0,1441.7
Pune,Potato,2026-06,1395.4,sarimax,real,130,1356.8,1387.1,1441.7
Pune,Potato,2026-07,1388.1,sarimax,real,130,1356.8,1489.9,1441.7
Pune,Potato,2026-08,1381.8,sarimax,real,130,1356.8,1441.3,1441.7
Pune,Potato,2026-09,1382.7,sarimax,real,130,1356.8,1443.4,1441.7
Pune,Potato,2026-10,1383.6,sarimax,real,130,1356.8,1515.2,1441.7
Pune,Potato,2026-11,1381.6,sarimax,real,130,1356.8,1598.0,1441.7
Pune,Potato,2026-12,1378.4,sarimax,real,130,1356.8,1347.4,1441.7
Pune,Potato,2027-01,1375.4,sarimax,real,130,1356.8,1209.3,1441.7
Pune,Potato,2027-02,1373.6,sarimax,real,130,1356.8,1064.4,1441.7
Pune,Potato,2027-03,1372.3,sarimax,real,130,1356.8,1099.4,1441.7
Pune,Potato,2027-04,1371.2,sarimax,real,130,1356.8,1322.9,1441.7
Thane,Onion,2025-10,2429.1,same_month_average,real,129,1786.7,2429.1,1302.4
Thane,Onion,2025-11,1372.4,sarimax,real,129,1786.7,3055.8,1302.4
Thane,Onion,2025-12,1303.1,sarimax,real,129,1786.7,2519.2,1302.4
Thane,Onion,2026-01,1260.1,sarimax,real,129,1786.7,1891.3,1302.4
Thane,Onion,2026-02,1311.3,sarimax,real,129,1786.7,1651.5,1302.4
Thane,Onion,2026-03,1278.8,sarimax,real,129,1786.7,1249.4,1302.4
Thane,Onion,2026-04,1231.0,sarimax,real,129,1786.7,1076.6,1302.4
Thane,Onion,2026-05,1242.5,sarimax,real,129,1786.7,1088.5,1302.4
Thane,Onion,2026-06,1310.9,sarimax,real,129,1786.7,1369.2,1302.4
Thane,Onion,2026-07,1315.7,sarimax,real,129,1786.7,1427.1,1302.4
Thane,Onion,2026-08,1323.9,sarimax,real,129,1786.7,1835.4,1302.4
Thane,Onion,2026-09,1307.0,sarimax,real,129,1786.7,2096.1,1302.4
Thane,Onion,2026-10,1321.2,sarimax,real,129,1786.7,2429.1,1302.4
Thane,Onion,2026-11,1356.3,sarimax,real,129,1786.7,3055.8,1302.4
Thane,Onion,2026-12,1352.2,sarimax,real,129,1786.7,2519.2,1302.4
Thane,Onion,2027-01,1351.7,sarimax,real,129,1786.7,1891.3,1302.4
Thane,Onion,2027-02,1370.0,sarimax,real,129,1786.7,1651.5,1302.4
Thane,Onion,2027-03,1369.7,sarimax,real,129,1786.7,1249.4,1302.4
Thane,Onion,2027-04,1365.0,sarimax,real,129,1786.7,1076.6,1302.4
Thane,Tomato,2025-10,2276.0,same_month_average,real,128,2003.6,2276.0,1837.4
Thane,Tomato,2025-11,1499.0,sarimax,real,128,2003.6,2314.9,1837.4
Thane,Tomato,2025-12,1578.0,sarimax,real,128,2003.6,1877.1,1837.4
Thane,Tomato,2026-01,1629.9,sarimax,real,128,2003.6,1486.9,1837.4
Thane,Tomato,2026-02,1663.6,sarimax,real,128,2003.6,1259.7,1837.4
Thane,Tomato,2026-03,1685.1,sarimax,real,128,2003.6,1325.9,1837.4
Thane,Tomato,2026-04,1698.9,sarimax,real,128,2003.6,1298.9,1837.4
Thane,Tomato,2026-05,1707.6,sarimax,real,128,2003.6,1754.2,1837.4
Thane,Tomato,2026-06,1713.2,sarimax,real,128,2003.6,2601.4,1837.4
Thane,Tomato,2026-07,1716.7,sarimax,real,128,2003.6,3493.4,1837.4
Thane,Tomato,2026-08,1718.9,sarimax,real,128,2003.6,2533.4,1837.4
Thane,Tomato,2026-09,1720.3,sarimax,real,128,2003.6,1747.6,1837.4
Thane,Tomato,2026-10,1721.2,sarimax,real,128,2003.6,2276.0,1837.4
Thane,Tomato,2026-11,1721.7,sarimax,real,128,2003.6,2314.9,1837.4
Thane,Tomato,2026-12,1722.1,sarimax,real,128,2003.6,1877.1,1837.4
Thane,Tomato,2027-01,1722.3,sarimax,real,128,2003.6,1486.9,1837.4
Thane,Tomato,2027-02,1722.4,sarimax,real,128,2003.6,1259.7,1837.4
Thane,Tomato,2027-03,1722.5,sarimax,real,128,2003.6,1325.9,1837.4
Thane,Tomato,2027-04,1722.6,sarimax,real,128,2003.6,1298.9,1837.4
Thane,Potato,2025-10,1506.8,same_month_average,real,130,1396.4,1506.8,1334.4
Thane,Potato,2025-11,1379.5,sarimax,real,130,1396.4,1669.3,1334.4
Thane,Potato,2025-12,1377.8,sarimax,real,130,1396.4,1435.8,1334.4
Thane,Potato,2026-01,1375.1,sarimax,real,130,1396.4,1266.1,1334.4
Thane,Potato,2026-02,1374.5,sarimax,real,130,1396.4,1176.2,1334.4
Thane,Potato,2026-03,1374.0,sarimax,real,130,1396.4,1162.5,1334.4
Thane,Potato,2026-04,1381.2,sarimax,real,130,1396.4,1329.6,1334.4
Thane,Potato,2026-05,1382.9,sarimax,real,130,1396.4,1400.6,1334.4
Thane,Potato,2026-06,1385.5,sarimax,real,130,1396.4,1455.0,1334.4
Thane,Potato,2026-07,1384.0,sarimax,real,130,1396.4,1473.7,1334.4
Thane,Potato,2026-08,1383.9,sarimax,real,130,1396.4,1451.2,1334.4
Thane,Potato,2026-09,1383.8,sarimax,real,130,1396.4,1458.3,1334.4
Thane,Potato,2026-10,1387.9,sarimax,real,130,1396.4,1506.8,1334.4
Thane,Potato,2026-11,1389.5,sarimax,real,130,1396.4,1669.3,1334.4
Thane,Potato,2026-12,1390.8,sarimax,real,130,1396.4,1435.8,1334.4
Thane,Potato,2027-01,1391.9,sarimax,real,130,1396.4,1266.1,1334.4
Thane,Potato,2027-02,1393.0,sarimax,real,130,1396.4,1176.2,1334.4
Thane,Potato,2027-03,1393.9,sarimax,real,130,1396.4,1162.5,1334.4
Thane,Potato,2027-04,1395.0,sarimax,real,130,1396.4,1329.6,1334.4
